"age","job","marital","education","default","balance","housing","loan","contact","campaign","pdays","previous","poutcome"
29,"management","married","tertiary","no",199,"yes","yes","unknown",4,-1,0,"unknown"
43,"management","single","tertiary","no",2067,"yes","no","unknown",1,-1,0,"unknown"
43,"blue-collar","married","primary","no",-192,"yes","no","unknown",2,-1,0,"unknown"
35,"blue-collar","single","secondary","no",40,"yes","no","unknown",4,-1,0,"unknown"
33,"blue-collar","divorced","primary","no",390,"yes","no","unknown",2,-1,0,"unknown"
41,"blue-collar","divorced","secondary","no",5291,"yes","no","unknown",3,-1,0,"unknown"
41,"blue-collar","married","secondary","no",1384,"yes","no","unknown",4,-1,0,"unknown"
41,"admin.","married","primary","no",-306,"yes","no","unknown",1,-1,0,"unknown"
31,"self-employed","single","tertiary","no",144,"yes","no","unknown",1,-1,0,"unknown"
24,"technician","single","secondary","no",409,"yes","no","unknown",1,-1,0,"unknown"
30,"technician","single","secondary","no",863,"yes","no","unknown",5,-1,0,"unknown"
31,"admin.","married","secondary","no",97,"yes","no","unknown",1,-1,0,"unknown"
34,"blue-collar","married","secondary","no",1207,"yes","no","unknown",1,-1,0,"unknown"
27,"technician","married","secondary","no",2183,"yes","yes","unknown",1,-1,0,"unknown"
44,"management","divorced","tertiary","no",5773,"no","no","unknown",6,-1,0,"unknown"
34,"management","married","tertiary","no",2287,"yes","no","unknown",4,-1,0,"unknown"
26,"services","single","secondary","no",901,"yes","no","unknown",2,-1,0,"unknown"
30,"entrepreneur","single","primary","no",0,"yes","yes","unknown",1,-1,0,"unknown"
60,"blue-collar","divorced","secondary","no",0,"yes","no","unknown",1,-1,0,"unknown"
29,"blue-collar","single","secondary","no",-20,"yes","no","unknown",2,-1,0,"unknown"
44,"blue-collar","single","primary","no",1593,"yes","no","unknown",3,-1,0,"unknown"
29,"management","single","tertiary","no",0,"yes","no","unknown",12,-1,0,"unknown"
53,"entrepreneur","single","secondary","no",62,"yes","no","unknown",5,-1,0,"unknown"
36,"services","married","secondary","no",2984,"yes","no","unknown",1,-1,0,"unknown"
36,"services","married","primary","no",0,"yes","no","unknown",1,-1,0,"unknown"
42,"blue-collar","married","secondary","no",443,"yes","no","unknown",5,-1,0,"unknown"
26,"blue-collar","single","secondary","yes",-36,"yes","no","unknown",2,-1,0,"unknown"
35,"admin.","married","secondary","no",-87,"yes","no","unknown",7,-1,0,"unknown"
27,"management","single","tertiary","yes",-713,"yes","no","unknown",2,-1,0,"unknown"
36,"blue-collar","married","primary","no",403,"yes","no","unknown",1,-1,0,"unknown"
36,"blue-collar","married","secondary","no",1772,"no","no","unknown",1,-1,0,"unknown"
47,"entrepreneur","married","secondary","no",0,"no","no","unknown",1,-1,0,"unknown"
27,"management","single","tertiary","no",703,"yes","no","unknown",3,-1,0,"unknown"
38,"services","divorced","secondary","no",61,"no","no","unknown",1,-1,0,"unknown"
35,"management","single","tertiary","no",68,"no","no","unknown",1,-1,0,"unknown"
55,"blue-collar","married","unknown","no",7561,"no","no","unknown",3,-1,0,"unknown"
38,"technician","married","primary","no",217,"yes","no","unknown",6,-1,0,"unknown"
42,"entrepreneur","married","tertiary","no",5345,"no","no","unknown",3,-1,0,"unknown"
42,"admin.","married","secondary","no",105,"no","no","unknown",4,-1,0,"unknown"
36,"entrepreneur","married","tertiary","no",3057,"no","no","unknown",4,-1,0,"unknown"
40,"technician","divorced","tertiary","no",0,"no","no","unknown",1,-1,0,"unknown"
25,"blue-collar","single","secondary","no",-191,"yes","no","unknown",7,-1,0,"unknown"
43,"unemployed","married","primary","no",519,"no","no","unknown",2,-1,0,"unknown"
56,"management","married","tertiary","no",0,"no","yes","unknown",1,-1,0,"unknown"
57,"management","married","tertiary","no",-92,"yes","yes","unknown",1,-1,0,"unknown"
40,"blue-collar","married","secondary","no",188,"yes","yes","unknown",2,-1,0,"unknown"
26,"admin.","single","primary","no",-122,"yes","no","unknown",3,-1,0,"unknown"
32,"self-employed","single","tertiary","no",2559,"no","no","cellular",1,-1,0,"unknown"
26,"self-employed","single","secondary","no",551,"no","no","cellular",1,-1,0,"unknown"
25,"technician","single","secondary","no",0,"no","yes","cellular",1,-1,0,"unknown"
26,"admin.","single","secondary","no",102,"no","yes","cellular",2,-1,0,"unknown"
33,"blue-collar","married","primary","no",-191,"yes","yes","cellular",4,-1,0,"unknown"
27,"unemployed","single","primary","no",9,"no","yes","cellular",2,-1,0,"unknown"
34,"admin.","married","secondary","no",-33,"yes","yes","cellular",1,-1,0,"unknown"
28,"admin.","single","secondary","no",-170,"no","yes","cellular",2,-1,0,"unknown"
30,"services","married","secondary","no",5,"no","yes","cellular",5,-1,0,"unknown"
60,"retired","divorced","secondary","no",1099,"no","no","cellular",2,-1,0,"unknown"
51,"entrepreneur","married","secondary","no",-799,"no","yes","cellular",3,-1,0,"unknown"
37,"management","divorced","tertiary","no",1775,"no","no","cellular",5,-1,0,"unknown"
27,"student","married","secondary","no",119,"yes","no","cellular",2,-1,0,"unknown"
33,"admin.","married","secondary","no",0,"yes","no","telephone",7,-1,0,"unknown"
30,"technician","single","tertiary","no",178,"no","no","cellular",3,-1,0,"unknown"
28,"blue-collar","married","secondary","no",173,"no","no","cellular",7,-1,0,"unknown"
56,"retired","divorced","tertiary","no",158,"no","yes","cellular",1,-1,0,"unknown"
26,"technician","single","secondary","no",223,"no","yes","cellular",3,-1,0,"unknown"
41,"blue-collar","married","secondary","yes",720,"no","yes","cellular",1,-1,0,"unknown"
49,"technician","divorced","secondary","no",305,"no","no","cellular",2,-1,0,"unknown"
26,"technician","single","secondary","no",941,"no","yes","cellular",1,-1,0,"unknown"
48,"management","married","secondary","no",268,"yes","no","cellular",7,-1,0,"unknown"
31,"management","married","tertiary","no",0,"yes","yes","cellular",8,-1,0,"unknown"
54,"technician","married","secondary","no",1938,"no","yes","cellular",3,-1,0,"unknown"
52,"unemployed","married","primary","no",959,"no","no","telephone",2,-1,0,"unknown"
60,"retired","divorced","secondary","no",1091,"no","no","cellular",5,-1,0,"unknown"
42,"entrepreneur","married","unknown","no",206,"yes","no","cellular",2,-1,0,"unknown"
33,"unemployed","married","secondary","no",-144,"no","no","cellular",3,-1,0,"unknown"
50,"blue-collar","married","unknown","no",2284,"yes","no","telephone",17,-1,0,"unknown"
48,"entrepreneur","married","tertiary","yes",-392,"no","no","cellular",4,-1,0,"unknown"
50,"technician","married","tertiary","no",2313,"no","no","cellular",1,-1,0,"unknown"
58,"management","divorced","tertiary","no",1257,"no","no","cellular",1,-1,0,"unknown"
33,"management","divorced","tertiary","no",2885,"no","no","cellular",2,-1,0,"unknown"
42,"technician","married","tertiary","no",921,"no","no","cellular",3,-1,0,"unknown"
46,"technician","divorced","secondary","no",-824,"yes","no","cellular",3,-1,0,"unknown"
31,"management","single","tertiary","no",2,"no","no","cellular",1,-1,0,"unknown"
46,"management","married","tertiary","no",4,"no","no","cellular",4,-1,0,"unknown"
30,"management","married","tertiary","no",131,"yes","no","cellular",6,-1,0,"unknown"
48,"blue-collar","married","primary","no",719,"no","yes","cellular",5,-1,0,"unknown"
30,"management","married","secondary","no",850,"no","no","cellular",2,-1,0,"unknown"
34,"technician","single","secondary","no",16,"no","no","cellular",1,-1,0,"unknown"
48,"admin.","divorced","secondary","no",362,"no","no","cellular",1,-1,0,"unknown"
55,"retired","married","primary","no",3334,"no","no","cellular",4,-1,0,"unknown"
49,"technician","married","secondary","no",412,"no","no","cellular",8,-1,0,"unknown"
56,"technician","married","tertiary","no",73,"no","no","cellular",4,-1,0,"unknown"
32,"management","single","tertiary","no",522,"no","no","cellular",2,-1,0,"unknown"
57,"retired","married","primary","no",3518,"yes","no","cellular",3,-1,0,"unknown"
36,"technician","divorced","secondary","no",54,"yes","no","cellular",3,-1,0,"unknown"
42,"admin.","single","secondary","no",-247,"yes","yes","telephone",1,166,1,"other"
33,"services","married","secondary","no",3444,"yes","no","telephone",1,91,4,"failure"
28,"self-employed","married","secondary","no",123,"no","yes","telephone",1,-1,0,"unknown"
56,"technician","married","secondary","no",589,"yes","no","unknown",1,147,2,"success"
31,"management","married","tertiary","no",1331,"no","no","unknown",1,-1,0,"unknown"
49,"management","married","secondary","no",249,"no","no","telephone",1,-1,0,"unknown"
30,"technician","single","secondary","no",816,"yes","no","unknown",1,-1,0,"unknown"
57,"blue-collar","married","secondary","no",1540,"yes","no","cellular",1,-1,0,"unknown"
59,"management","married","tertiary","no",1783,"no","yes","cellular",2,-1,0,"unknown"
31,"blue-collar","single","tertiary","no",761,"no","no","telephone",2,-1,0,"unknown"
30,"entrepreneur","married","secondary","no",12737,"no","yes","cellular",2,-1,0,"unknown"
43,"self-employed","divorced","secondary","no",347,"no","no","cellular",3,-1,0,"unknown"
46,"admin.","divorced","secondary","no",2087,"no","no","cellular",3,-1,0,"unknown"
45,"blue-collar","married","primary","no",5461,"yes","no","cellular",2,-1,0,"unknown"
31,"self-employed","single","tertiary","no",2589,"no","no","cellular",1,-1,0,"unknown"
48,"housemaid","married","primary","no",7195,"no","no","cellular",2,-1,0,"unknown"
33,"technician","single","tertiary","no",0,"yes","no","cellular",1,-1,0,"unknown"
42,"management","married","tertiary","no",1275,"yes","yes","cellular",5,-1,0,"unknown"
23,"unemployed","single","primary","no",1003,"no","no","telephone",1,-1,0,"unknown"
51,"admin.","single","tertiary","no",394,"no","no","telephone",2,-1,0,"unknown"
60,"technician","married","tertiary","no",-71,"yes","yes","cellular",1,-1,0,"unknown"
50,"unemployed","divorced","unknown","no",1088,"no","no","cellular",1,-1,0,"unknown"
56,"unemployed","married","secondary","no",0,"no","no","telephone",1,-1,0,"unknown"
36,"admin.","married","secondary","no",96,"no","no","cellular",1,-1,0,"unknown"
58,"management","divorced","tertiary","no",5701,"no","no","cellular",1,-1,0,"unknown"
61,"management","married","tertiary","no",6016,"no","no","cellular",3,-1,0,"unknown"
31,"management","married","tertiary","no",1331,"no","no","cellular",2,90,1,"success"
30,"entrepreneur","single","secondary","no",732,"no","no","cellular",4,-1,0,"unknown"
40,"management","married","tertiary","no",1308,"no","no","telephone",2,-1,0,"unknown"
52,"management","married","tertiary","no",-970,"yes","no","cellular",1,-1,0,"unknown"
31,"self-employed","married","tertiary","no",168,"no","no","cellular",2,-1,0,"unknown"
22,"admin.","single","tertiary","no",897,"yes","no","cellular",4,-1,0,"unknown"
32,"management","single","tertiary","no",0,"no","no","cellular",4,-1,0,"unknown"
31,"management","single","tertiary","no",12857,"yes","no","cellular",1,92,1,"success"
26,"admin.","single","secondary","no",255,"no","no","cellular",1,-1,0,"unknown"
47,"blue-collar","married","secondary","no",292,"no","no","cellular",1,-1,0,"unknown"
33,"management","married","secondary","no",369,"no","no","cellular",1,-1,0,"unknown"
71,"retired","married","primary","no",4657,"no","no","cellular",5,-1,0,"unknown"
51,"technician","married","secondary","no",196,"yes","yes","cellular",1,-1,0,"unknown"
65,"retired","married","tertiary","no",2416,"no","no","cellular",2,-1,0,"unknown"
29,"services","married","secondary","no",1135,"yes","no","cellular",1,-1,0,"unknown"
57,"retired","divorced","primary","no",720,"no","no","telephone",4,-1,0,"unknown"
44,"management","married","primary","no",558,"no","no","cellular",5,-1,0,"unknown"
37,"technician","single","secondary","no",1130,"no","no","cellular",1,-1,0,"unknown"
71,"retired","married","tertiary","no",653,"no","no","telephone",1,-1,0,"unknown"
26,"admin.","single","tertiary","no",313,"no","yes","cellular",2,-1,0,"unknown"
39,"blue-collar","single","primary","no",581,"yes","no","cellular",1,270,1,"other"
35,"services","married","secondary","no",52,"yes","no","cellular",4,-1,0,"unknown"
52,"management","married","tertiary","no",31,"no","no","cellular",1,-1,0,"unknown"
31,"management","single","tertiary","no",115,"no","no","cellular",1,-1,0,"unknown"
37,"management","single","tertiary","no",1730,"no","no","cellular",1,-1,0,"unknown"
59,"retired","married","tertiary","no",9676,"no","no","telephone",2,-1,0,"unknown"
32,"admin.","single","secondary","no",471,"no","yes","cellular",3,-1,0,"unknown"
33,"management","single","tertiary","no",3161,"yes","no","cellular",3,-1,0,"unknown"
41,"self-employed","married","secondary","no",3123,"yes","no","cellular",2,135,2,"failure"
30,"blue-collar","single","tertiary","no",297,"no","no","cellular",4,-1,0,"unknown"
60,"admin.","divorced","secondary","no",12039,"no","no","telephone",1,-1,0,"unknown"
30,"services","single","secondary","no",1268,"yes","no","cellular",4,320,8,"other"
33,"technician","single","secondary","no",719,"yes","no","cellular",2,316,6,"failure"
31,"blue-collar","married","secondary","no",1406,"yes","yes","cellular",2,-1,0,"unknown"
33,"management","married","tertiary","no",0,"yes","no","cellular",3,328,1,"failure"
32,"technician","married","secondary","no",765,"yes","yes","cellular",2,-1,0,"unknown"
61,"self-employed","divorced","tertiary","no",6,"yes","no","cellular",2,-1,0,"unknown"
43,"services","married","primary","no",2557,"yes","no","telephone",2,327,3,"failure"
46,"technician","married","secondary","no",2149,"yes","no","cellular",2,-1,0,"unknown"
36,"admin.","single","secondary","no",11174,"yes","no","cellular",1,-1,0,"unknown"
27,"technician","single","secondary","no",439,"yes","no","cellular",2,-1,0,"unknown"
35,"management","divorced","tertiary","no",26,"no","no","cellular",2,-1,0,"unknown"
44,"management","married","primary","no",294,"no","no","cellular",3,-1,0,"unknown"
32,"management","divorced","tertiary","no",294,"yes","no","cellular",1,274,5,"success"
40,"technician","married","primary","no",284,"yes","no","cellular",2,-1,0,"unknown"
59,"management","married","tertiary","no",0,"yes","yes","cellular",1,-1,0,"unknown"
29,"technician","single","secondary","no",3466,"no","no","cellular",1,-1,0,"unknown"
29,"self-employed","married","secondary","no",123,"no","yes","cellular",2,181,1,"success"
45,"unknown","divorced","unknown","no",0,"no","no","cellular",3,-1,0,"unknown"
29,"blue-collar","single","secondary","no",2,"yes","yes","cellular",5,-1,0,"unknown"
71,"technician","married","tertiary","no",383,"no","no","cellular",3,-1,0,"unknown"
52,"management","married","tertiary","no",193,"no","no","cellular",1,269,1,"failure"
42,"blue-collar","married","primary","no",201,"yes","no","cellular",1,85,2,"failure"
47,"unknown","married","unknown","no",677,"no","no","cellular",2,86,2,"failure"
32,"management","married","tertiary","no",4733,"no","no","cellular",1,-1,0,"unknown"
34,"self-employed","single","tertiary","no",5462,"no","no","cellular",1,-1,0,"unknown"
36,"management","married","tertiary","no",393,"yes","no","cellular",2,-1,0,"unknown"
35,"services","married","unknown","no",618,"no","no","cellular",1,-1,0,"unknown"
47,"blue-collar","married","primary","no",2749,"yes","no","cellular",2,164,1,"failure"
30,"technician","married","secondary","no",776,"no","no","cellular",2,-1,0,"unknown"
33,"technician","married","secondary","no",133,"no","no","cellular",1,-1,0,"unknown"
33,"technician","married","secondary","no",557,"no","no","cellular",1,-1,0,"unknown"
45,"blue-collar","married","primary","no",803,"yes","no","cellular",4,-1,0,"unknown"
29,"management","single","tertiary","no",9407,"no","no","cellular",6,-1,0,"unknown"
39,"blue-collar","married","secondary","no",261,"no","no","cellular",4,-1,0,"unknown"
30,"blue-collar","married","secondary","no",61,"yes","no","cellular",1,-1,0,"unknown"
27,"admin.","married","secondary","no",710,"yes","yes","cellular",1,334,2,"success"
32,"admin.","married","secondary","no",752,"yes","no","cellular",2,166,5,"failure"
28,"blue-collar","single","secondary","no",524,"yes","no","cellular",2,-1,0,"unknown"
30,"services","single","secondary","no",-271,"yes","no","cellular",1,337,1,"success"
45,"admin.","married","secondary","yes",-106,"yes","yes","cellular",3,288,1,"other"
32,"blue-collar","married","secondary","no",333,"yes","no","cellular",2,-1,0,"unknown"
42,"management","married","tertiary","no",4,"yes","no","cellular",2,295,1,"success"
39,"blue-collar","married","secondary","no",785,"yes","no","cellular",2,-1,0,"unknown"
35,"blue-collar","single","secondary","no",855,"yes","no","cellular",1,300,1,"success"
33,"blue-collar","married","secondary","no",1240,"yes","no","cellular",1,-1,0,"unknown"
42,"blue-collar","married","primary","no",-407,"yes","yes","cellular",7,-1,0,"unknown"
45,"self-employed","divorced","tertiary","no",963,"yes","no","cellular",5,-1,0,"unknown"
59,"admin.","married","secondary","no",145,"yes","no","telephone",2,287,13,"success"
33,"technician","married","secondary","no",221,"yes","no","cellular",1,355,4,"failure"
28,"admin.","divorced","secondary","no",-504,"yes","yes","cellular",1,-1,0,"unknown"
34,"management","married","tertiary","no",273,"yes","no","cellular",1,175,2,"failure"
35,"blue-collar","divorced","secondary","no",336,"yes","no","cellular",1,346,2,"failure"
26,"blue-collar","married","secondary","no",5795,"yes","no","cellular",2,-1,0,"unknown"
39,"services","single","secondary","no",7066,"yes","no","cellular",3,357,3,"other"
28,"student","single","tertiary","no",22,"yes","no","cellular",2,-1,0,"unknown"
39,"entrepreneur","married","secondary","no",2139,"yes","no","cellular",4,371,1,"failure"
34,"technician","single","secondary","no",194,"yes","yes","cellular",1,-1,0,"unknown"
25,"admin.","single","secondary","no",507,"yes","no","cellular",1,367,3,"failure"
28,"management","single","tertiary","no",41,"yes","no","cellular",3,352,2,"other"
29,"blue-collar","married","secondary","no",104,"yes","no","cellular",4,-1,0,"unknown"
29,"technician","single","secondary","no",706,"yes","no","cellular",1,-1,0,"unknown"
32,"blue-collar","single","primary","no",12198,"yes","no","cellular",1,-1,0,"unknown"
38,"technician","single","secondary","no",-242,"yes","no","cellular",3,278,6,"success"
27,"technician","divorced","secondary","no",1977,"yes","no","cellular",1,-1,0,"unknown"
43,"services","married","secondary","no",2145,"no","no","cellular",1,183,3,"failure"
28,"admin.","single","secondary","no",707,"yes","no","cellular",1,-1,0,"unknown"
37,"services","married","secondary","no",466,"yes","yes","cellular",1,-1,0,"unknown"
32,"services","single","secondary","no",152,"yes","no","cellular",2,-1,0,"unknown"
25,"student","single","secondary","no",304,"no","no","cellular",2,-1,0,"unknown"
26,"student","single","tertiary","no",39,"no","no","cellular",3,-1,0,"unknown"
25,"admin.","married","tertiary","no",906,"no","no","cellular",1,-1,0,"unknown"
30,"admin.","single","secondary","no",983,"yes","no","cellular",2,-1,0,"unknown"
34,"admin.","married","secondary","no",1406,"yes","no","cellular",1,-1,0,"unknown"
44,"management","married","tertiary","no",7818,"no","no","cellular",1,-1,0,"unknown"
48,"management","married","tertiary","no",1167,"yes","yes","cellular",1,-1,0,"unknown"
45,"blue-collar","married","secondary","no",1723,"no","no","cellular",2,-1,0,"unknown"
45,"admin.","married","tertiary","no",2552,"no","no","cellular",1,293,7,"failure"
49,"technician","married","tertiary","no",523,"yes","no","cellular",1,60,3,"failure"
28,"technician","single","tertiary","no",4987,"no","no","cellular",2,113,21,"success"
42,"admin.","single","secondary","no",684,"no","no","cellular",1,-1,0,"unknown"
27,"management","married","secondary","no",2071,"no","no","cellular",1,-1,0,"unknown"
32,"management","married","tertiary","no",4945,"no","no","cellular",1,119,2,"other"
35,"blue-collar","married","secondary","no",563,"no","yes","cellular",1,119,3,"failure"
25,"self-employed","single","tertiary","no",42,"yes","no","cellular",1,94,1,"success"
28,"management","single","tertiary","no",874,"yes","no","cellular",1,-1,0,"unknown"
30,"technician","single","tertiary","no",0,"yes","no","cellular",2,-1,0,"unknown"
35,"housemaid","single","primary","no",745,"no","no","telephone",3,-1,0,"unknown"
34,"technician","married","secondary","no",294,"yes","no","cellular",3,-1,0,"unknown"
32,"admin.","single","tertiary","no",8866,"no","no","cellular",2,83,2,"success"
64,"retired","married","secondary","no",5966,"yes","no","cellular",1,-1,0,"unknown"
79,"retired","married","secondary","no",668,"no","no","telephone",1,-1,0,"unknown"
28,"management","single","tertiary","no",12956,"yes","no","cellular",1,399,3,"success"
56,"blue-collar","married","primary","no",1137,"no","no","telephone",1,-1,0,"unknown"
28,"blue-collar","single","secondary","no",643,"no","no","cellular",2,-1,0,"unknown"
37,"services","married","secondary","no",981,"no","no","cellular",2,386,1,"success"
55,"management","married","unknown","no",3122,"no","no","cellular",1,-1,0,"unknown"
28,"management","single","tertiary","no",3796,"no","no","cellular",2,-1,0,"unknown"
49,"management","single","tertiary","no",151,"yes","no","cellular",3,-1,0,"unknown"
25,"student","single","tertiary","no",58,"no","no","cellular",5,-1,0,"unknown"
44,"entrepreneur","single","unknown","no",323,"no","no","cellular",2,181,2,"failure"
57,"management","married","tertiary","no",1660,"no","no","cellular",1,-1,0,"unknown"
47,"management","single","tertiary","no",86,"no","no","cellular",1,97,4,"success"
57,"services","single","secondary","no",0,"no","no","cellular",1,-1,0,"unknown"
67,"management","married","tertiary","no",405,"no","no","cellular",2,-1,0,"unknown"
56,"management","divorced","tertiary","no",10532,"no","no","cellular",1,-1,0,"unknown"
55,"entrepreneur","divorced","secondary","no",538,"yes","no","cellular",2,-1,0,"unknown"
71,"retired","married","primary","no",2600,"no","no","cellular",1,-1,0,"unknown"
31,"management","married","tertiary","no",10884,"no","no","cellular",3,98,2,"success"
42,"technician","married","secondary","no",994,"yes","no","cellular",1,78,5,"failure"
42,"blue-collar","married","secondary","no",413,"yes","no","cellular",2,-1,0,"unknown"
36,"management","single","tertiary","no",3850,"yes","no","cellular",2,100,4,"failure"
75,"retired","married","primary","no",2970,"no","no","cellular",1,-1,0,"unknown"
20,"student","single","primary","no",6991,"no","no","cellular",2,-1,0,"unknown"
41,"management","married","tertiary","no",27696,"no","no","cellular",2,104,1,"failure"
18,"student","single","primary","no",608,"no","no","cellular",1,-1,0,"unknown"
33,"blue-collar","single","secondary","no",498,"no","no","cellular",2,104,1,"success"
43,"technician","married","tertiary","no",2643,"no","no","cellular",3,100,5,"success"
34,"services","married","secondary","no",1337,"no","no","cellular",2,104,1,"success"
32,"management","single","tertiary","no",2465,"no","no","cellular",1,-1,0,"unknown"
28,"technician","single","secondary","no",113,"no","no","cellular",3,105,1,"failure"
77,"retired","married","tertiary","no",0,"no","no","cellular",1,-1,0,"unknown"
35,"management","single","tertiary","no",431,"no","no","cellular",2,397,1,"failure"
50,"technician","married","secondary","no",2218,"yes","no","cellular",1,-1,0,"unknown"
49,"technician","single","secondary","no",9131,"yes","no","cellular",1,461,5,"failure"
44,"admin.","married","secondary","no",10905,"no","no","cellular",2,271,1,"other"
53,"retired","divorced","tertiary","no",-309,"yes","no","cellular",2,428,2,"success"
70,"retired","married","secondary","no",1853,"no","no","telephone",1,-1,0,"unknown"
33,"technician","single","tertiary","no",3689,"no","no","cellular",3,-1,0,"unknown"
30,"blue-collar","married","primary","no",201,"yes","no","cellular",1,157,12,"failure"
33,"self-employed","married","secondary","no",409,"no","no","cellular",1,97,4,"success"
70,"retired","married","primary","no",6538,"no","no","cellular",1,-1,0,"unknown"
30,"management","single","tertiary","no",147,"no","no","cellular",1,100,1,"failure"
31,"management","single","tertiary","no",12569,"no","no","cellular",1,295,1,"failure"
47,"technician","married","secondary","no",1233,"yes","no","unknown",1,100,2,"other"
57,"blue-collar","married","primary","no",3109,"no","no","cellular",2,105,2,"success"
56,"services","married","secondary","no",654,"no","no","cellular",1,-1,0,"unknown"
50,"management","divorced","tertiary","no",810,"no","no","cellular",1,103,3,"success"
46,"management","married","tertiary","no",2817,"no","no","cellular",1,-1,0,"unknown"
58,"retired","married","primary","no",565,"no","no","telephone",1,93,1,"success"
25,"technician","single","secondary","no",139,"no","yes","cellular",1,-1,0,"unknown"
21,"student","single","secondary","no",2488,"no","no","cellular",1,-1,0,"unknown"
66,"housemaid","married","primary","no",40,"no","no","telephone",2,-1,0,"unknown"
27,"management","married","tertiary","no",893,"no","no","cellular",2,-1,0,"unknown"
72,"retired","married","primary","no",1388,"no","no","telephone",1,-1,0,"unknown"
57,"management","married","tertiary","no",375,"no","no","cellular",1,-1,0,"unknown"
51,"technician","married","secondary","no",371,"yes","yes","cellular",1,-1,0,"unknown"
92,"retired","married","unknown","no",775,"no","no","cellular",3,-1,0,"unknown"
56,"management","married","secondary","no",0,"no","no","cellular",1,111,8,"other"
54,"technician","married","unknown","no",240,"yes","no","cellular",1,-1,0,"unknown"
62,"management","married","tertiary","no",7458,"no","no","cellular",2,-1,0,"unknown"
32,"management","single","tertiary","no",935,"no","no","cellular",1,91,7,"success"
21,"student","single","secondary","no",123,"no","no","telephone",1,91,1,"success"
31,"management","single","tertiary","no",9421,"no","no","cellular",1,-1,0,"unknown"
53,"technician","married","secondary","no",1982,"yes","yes","cellular",1,-1,0,"unknown"
31,"technician","married","secondary","no",318,"no","no","cellular",1,-1,0,"unknown"
28,"student","single","unknown","no",78,"no","no","cellular",3,310,2,"failure"
42,"management","married","tertiary","no",254,"no","no","cellular",7,183,4,"success"
37,"admin.","married","secondary","no",0,"yes","no","cellular",1,190,1,"success"
80,"retired","married","primary","no",155,"no","no","telephone",2,-1,0,"unknown"
66,"retired","married","unknown","no",2540,"no","no","telephone",2,156,1,"other"
57,"retired","married","secondary","no",5313,"no","no","cellular",2,196,1,"success"
34,"services","married","secondary","no",1337,"no","no","cellular",2,127,3,"success"
35,"management","single","tertiary","no",538,"no","no","cellular",3,165,2,"other"
61,"management","married","secondary","no",544,"no","no","cellular",3,200,9,"success"
31,"technician","single","secondary","no",2544,"no","no","cellular",1,279,2,"success"
25,"blue-collar","single","secondary","no",2007,"no","no","cellular",2,-1,0,"unknown"
30,"technician","married","tertiary","no",2166,"no","no","cellular",2,-1,0,"unknown"
28,"self-employed","single","tertiary","no",4579,"no","no","cellular",2,-1,0,"unknown"
87,"retired","married","primary","no",2190,"no","no","telephone",2,-1,0,"unknown"
85,"retired","married","primary","no",1255,"no","no","cellular",3,-1,0,"unknown"
42,"technician","married","secondary","no",994,"yes","no","cellular",1,67,9,"success"
42,"unknown","single","unknown","no",942,"no","no","cellular",1,92,2,"success"
52,"services","married","secondary","no",992,"yes","no","cellular",1,92,2,"success"
38,"housemaid","divorced","secondary","no",70,"no","no","cellular",4,92,4,"success"
80,"retired","married","primary","no",997,"no","no","cellular",1,91,3,"success"
64,"housemaid","married","unknown","no",2645,"no","no","telephone",2,-1,0,"unknown"
58,"unemployed","married","secondary","no",1625,"no","no","cellular",2,-1,0,"unknown"
23,"admin.","single","tertiary","no",897,"yes","no","cellular",2,280,8,"failure"
67,"retired","divorced","secondary","no",704,"no","no","cellular",2,97,1,"success"
48,"unemployed","divorced","secondary","no",201,"no","no","cellular",2,92,2,"success"
23,"student","single","secondary","no",1234,"no","no","cellular",1,91,1,"success"
38,"management","single","tertiary","no",455,"yes","no","cellular",2,555,6,"success"
52,"technician","married","secondary","no",117,"no","no","cellular",3,186,6,"success"
71,"retired","divorced","secondary","no",0,"no","no","cellular",1,171,1,"success"
32,"management","single","tertiary","no",354,"no","no","cellular",2,133,5,"other"
40,"unemployed","single","secondary","no",334,"no","no","cellular",1,91,6,"other"
37,"unemployed","married","secondary","no",1978,"no","no","cellular",1,-1,0,"unknown"
61,"admin.","married","secondary","no",4608,"no","no","cellular",1,-1,0,"unknown"
35,"unemployed","single","secondary","no",295,"no","no","unknown",1,-1,0,"unknown"
35,"technician","single","secondary","no",1227,"no","no","cellular",4,90,6,"other"
35,"management","single","tertiary","no",5958,"yes","no","cellular",1,-1,0,"unknown"
57,"management","divorced","tertiary","no",3287,"no","no","cellular",2,337,1,"success"
75,"retired","married","secondary","no",3771,"no","no","telephone",1,181,2,"success"
29,"blue-collar","single","tertiary","no",455,"no","no","telephone",1,-1,0,"unknown"
63,"blue-collar","married","primary","no",115,"no","no","telephone",1,180,7,"failure"
30,"admin.","single","secondary","no",915,"yes","no","unknown",1,-1,0,"unknown"
34,"unemployed","single","secondary","no",1965,"no","no","telephone",1,-1,0,"unknown"
41,"technician","single","tertiary","no",1646,"yes","no","cellular",1,90,7,"success"
23,"student","single","unknown","no",2530,"no","no","cellular",1,-1,0,"unknown"
63,"retired","divorced","tertiary","no",0,"no","no","cellular",1,181,2,"success"
29,"management","single","tertiary","no",-27,"no","no","cellular",1,-1,0,"unknown"
75,"retired","married","tertiary","no",6027,"no","no","cellular",1,179,4,"success"
24,"management","single","tertiary","no",1,"no","no","cellular",5,-1,0,"unknown"
84,"retired","divorced","primary","no",639,"no","no","telephone",3,-1,0,"unknown"
30,"technician","single","secondary","no",3144,"no","no","cellular",2,-1,0,"unknown"
31,"unemployed","single","secondary","no",2616,"no","no","cellular",1,185,2,"other"
29,"unemployed","single","tertiary","no",70,"no","no","cellular",1,-1,0,"unknown"
48,"housemaid","married","secondary","no",0,"no","no","cellular",5,-1,0,"unknown"
31,"management","single","tertiary","no",147,"no","no","cellular",2,92,3,"success"
39,"technician","single","secondary","no",1435,"no","no","cellular",1,296,19,"other"
49,"technician","married","tertiary","no",1071,"no","no","cellular",1,-1,0,"unknown"
57,"management","divorced","tertiary","no",3287,"no","no","cellular",1,84,3,"success"
59,"management","married","tertiary","no",5397,"no","no","cellular",3,-1,0,"unknown"
43,"services","married","secondary","no",774,"no","no","cellular",1,91,2,"success"
68,"retired","divorced","primary","no",476,"no","no","telephone",1,-1,0,"unknown"
35,"unemployed","married","secondary","no",978,"no","no","cellular",2,182,6,"success"
63,"retired","married","secondary","no",2896,"no","no","cellular",1,119,2,"success"
43,"admin.","single","secondary","no",386,"no","no","cellular",3,529,1,"failure"
49,"management","divorced","tertiary","no",300,"no","no","cellular",1,-1,0,"unknown"
82,"retired","married","primary","no",243,"no","no","cellular",1,180,2,"success"
23,"management","single","tertiary","no",1807,"no","no","cellular",1,-1,0,"unknown"
29,"student","single","secondary","no",1377,"yes","no","cellular",1,446,2,"success"
48,"housemaid","single","primary","no",46,"no","no","cellular",1,1,3,"success"
41,"technician","single","tertiary","no",1646,"yes","no","cellular",3,92,8,"success"
62,"blue-collar","married","secondary","no",272,"no","no","cellular",1,286,2,"failure"
60,"services","married","tertiary","no",4256,"yes","no","cellular",3,761,1,"other"
36,"management","married","tertiary","no",2161,"no","no","cellular",2,183,5,"success"
84,"retired","married","tertiary","no",4761,"no","no","telephone",1,92,3,"failure"
24,"student","single","secondary","no",139,"no","no","cellular",4,-1,0,"unknown"
52,"unemployed","married","secondary","no",1416,"no","no","cellular",3,187,3,"success"
21,"student","single","unknown","no",1506,"no","no","cellular",1,-1,0,"unknown"
40,"entrepreneur","married","tertiary","no",3585,"no","no","cellular",3,-1,0,"unknown"
63,"admin.","divorced","secondary","no",4680,"no","no","cellular",2,-1,0,"unknown"
38,"management","married","tertiary","no",1477,"no","no","cellular",3,769,2,"failure"
31,"housemaid","married","secondary","no",243,"yes","no","cellular",2,842,1,"failure"
35,"admin.","single","secondary","no",303,"no","no","cellular",2,190,10,"other"
33,"self-employed","married","tertiary","no",1278,"no","no","cellular",1,-1,0,"unknown"
28,"unknown","single","unknown","no",326,"no","no","cellular",1,231,1,"success"
31,"management","married","tertiary","no",4328,"no","no","cellular",4,165,14,"success"
42,"unemployed","married","secondary","no",1289,"no","no","cellular",3,92,6,"success"
43,"unemployed","married","tertiary","no",0,"no","no","cellular",1,94,2,"success"
22,"management","single","tertiary","no",104,"no","yes","cellular",1,185,3,"success"
49,"blue-collar","married","secondary","no",1946,"no","no","cellular",1,95,1,"success"
34,"technician","single","secondary","no",1279,"yes","no","cellular",3,91,10,"success"
31,"admin.","single","secondary","no",410,"no","no","cellular",1,185,1,"success"
33,"admin.","married","secondary","no",51,"yes","yes","cellular",1,284,3,"success"
35,"technician","married","secondary","no",0,"yes","no","cellular",1,96,5,"success"
36,"admin.","divorced","secondary","no",1224,"yes","no","cellular",1,374,1,"success"
34,"admin.","single","secondary","no",557,"no","no","cellular",1,-1,0,"unknown"
23,"student","single","tertiary","no",113,"no","no","cellular",1,-1,0,"unknown"
25,"technician","single","secondary","no",505,"no","yes","cellular",2,-1,0,"unknown"
29,"management","married","tertiary","no",51,"yes","no","cellular",5,-1,0,"unknown"
28,"self-employed","single","tertiary","no",159,"no","no","cellular",2,420,2,"other"
39,"management","married","secondary","no",215,"no","no","cellular",4,-1,0,"unknown"
55,"housemaid","married","unknown","no",366,"no","no","cellular",3,57,2,"other"
34,"technician","married","secondary","no",0,"yes","no","cellular",2,2,3,"success"
41,"unemployed","married","secondary","no",1077,"yes","yes","telephone",3,387,2,"failure"
30,"technician","single","tertiary","no",3291,"yes","no","unknown",3,-1,0,"unknown"
32,"technician","single","secondary","no",562,"yes","no","unknown",3,-1,0,"unknown"
18,"student","single","unknown","no",3,"no","no","cellular",2,-1,0,"unknown"
32,"management","single","tertiary","no",0,"yes","no","cellular",3,-1,0,"unknown"
50,"technician","divorced","secondary","no",0,"no","no","cellular",1,120,2,"failure"
53,"admin.","divorced","unknown","no",257,"no","no","cellular",2,-1,0,"unknown"
24,"student","single","primary","no",1235,"no","no","cellular",4,93,6,"other"
36,"technician","single","secondary","no",1228,"yes","no","cellular",3,-1,0,"unknown"
33,"management","single","tertiary","no",816,"yes","no","cellular",2,503,2,"failure"
51,"technician","married","tertiary","no",0,"no","no","cellular",2,-1,0,"unknown"
31,"management","married","tertiary","no",792,"no","no","cellular",14,-1,0,"unknown"
34,"blue-collar","married","secondary","no",2495,"yes","no","unknown",1,-1,0,"unknown"
58,"management","married","tertiary","no",473,"no","no","cellular",1,262,1,"success"
56,"technician","married","secondary","no",23,"no","no","cellular",3,-1,0,"unknown"
27,"management","single","secondary","no",843,"no","no","cellular",1,-1,0,"unknown"
24,"self-employed","single","tertiary","no",2984,"yes","no","unknown",1,-1,0,"unknown"
34,"admin.","married","secondary","no",247,"no","no","cellular",2,-1,0,"unknown"
33,"services","married","secondary","no",478,"no","no","cellular",2,-1,0,"unknown"
34,"management","married","tertiary","no",0,"yes","no","cellular",1,86,1,"success"
58,"retired","divorced","primary","no",2538,"yes","no","cellular",2,111,6,"failure"
35,"blue-collar","married","unknown","no",1201,"no","no","unknown",1,-1,0,"unknown"
37,"management","married","tertiary","no",238,"no","no","cellular",1,92,1,"success"
49,"technician","married","tertiary","no",2611,"no","no","cellular",2,-1,0,"unknown"
30,"unemployed","single","tertiary","no",302,"no","no","cellular",3,-1,0,"unknown"
27,"blue-collar","single","primary","no",232,"yes","no","cellular",2,-1,0,"unknown"
26,"services","single","tertiary","no",0,"no","yes","telephone",4,-1,0,"unknown"
77,"retired","married","primary","no",29340,"no","no","cellular",1,91,2,"other"
29,"management","single","secondary","no",3317,"no","yes","telephone",7,-1,0,"unknown"
43,"technician","married","secondary","no",1358,"no","no","cellular",3,-1,0,"unknown"
48,"management","married","tertiary","no",0,"no","yes","cellular",4,182,1,"success"
29,"admin.","single","secondary","no",306,"yes","no","cellular",4,-1,0,"unknown"
31,"technician","married","tertiary","no",2166,"no","no","cellular",6,182,2,"success"
47,"management","married","tertiary","no",3663,"no","no","cellular",3,-1,0,"unknown"
39,"technician","single","secondary","no",1022,"yes","no","unknown",2,-1,0,"unknown"
46,"technician","married","secondary","no",57,"no","no","unknown",1,-1,0,"unknown"
64,"management","married","tertiary","no",3951,"no","no","cellular",1,91,1,"success"
47,"admin.","divorced","secondary","no",295,"yes","no","unknown",2,-1,0,"unknown"
43,"admin.","married","secondary","no",132,"no","no","cellular",2,71,1,"success"
36,"technician","married","secondary","no",368,"yes","yes","unknown",2,-1,0,"unknown"
46,"housemaid","married","primary","no",3512,"no","no","cellular",1,197,1,"failure"
56,"management","married","tertiary","no",12356,"yes","no","cellular",1,551,5,"other"
28,"technician","single","secondary","no",5763,"no","yes","cellular",2,-1,0,"unknown"
41,"blue-collar","married","secondary","no",5517,"yes","no","cellular",1,-1,0,"unknown"
32,"student","single","tertiary","no",1138,"no","no","telephone",3,-1,0,"unknown"
34,"admin.","married","tertiary","no",142,"yes","no","cellular",1,-1,0,"unknown"
54,"management","married","tertiary","no",1303,"no","no","cellular",1,-1,0,"unknown"
62,"technician","married","secondary","no",973,"no","no","cellular",1,-1,0,"unknown"
22,"student","single","secondary","no",552,"no","no","cellular",1,-1,0,"unknown"
35,"management","single","tertiary","no",62,"yes","no","cellular",3,-1,0,"unknown"
37,"management","single","tertiary","no",102,"yes","no","cellular",1,258,2,"failure"
40,"blue-collar","married","primary","no",57,"yes","no","cellular",9,-1,0,"unknown"
36,"blue-collar","married","primary","no",828,"no","no","cellular",1,345,8,"failure"
39,"blue-collar","married","secondary","no",167,"yes","yes","cellular",1,-1,0,"unknown"
29,"management","single","tertiary","no",224,"yes","no","cellular",2,81,3,"failure"
64,"housemaid","married","primary","no",768,"no","no","cellular",1,-1,0,"unknown"
24,"student","single","secondary","no",1809,"no","no","cellular",1,95,2,"success"
46,"self-employed","married","secondary","no",548,"no","no","cellular",4,-1,0,"unknown"
37,"management","married","tertiary","no",3556,"no","no","cellular",1,-1,0,"unknown"
46,"admin.","married","secondary","no",974,"no","no","cellular",1,-1,0,"unknown"
38,"management","single","tertiary","no",3141,"no","no","cellular",4,189,2,"success"
50,"unemployed","married","secondary","no",3357,"no","no","cellular",4,-1,0,"unknown"
36,"services","married","secondary","no",394,"no","no","cellular",1,-1,0,"unknown"
43,"unemployed","divorced","secondary","no",1854,"no","no","cellular",1,-1,0,"unknown"
27,"technician","single","tertiary","no",4661,"no","no","cellular",1,-1,0,"unknown"
54,"unemployed","married","secondary","no",1561,"no","no","cellular",3,186,2,"failure"
30,"housemaid","single","tertiary","no",19,"no","no","cellular",1,92,5,"success"
34,"management","married","tertiary","no",8000,"no","no","cellular",1,260,2,"failure"
33,"services","single","unknown","no",2297,"no","no","cellular",1,-1,0,"unknown"
31,"technician","single","tertiary","no",13711,"yes","no","cellular",3,-1,0,"unknown"
53,"blue-collar","married","secondary","no",6112,"no","no","cellular",1,-1,0,"unknown"
37,"management","married","tertiary","no",630,"no","no","cellular",1,87,1,"success"
32,"technician","single","secondary","no",116,"yes","no","cellular",2,-1,0,"unknown"
32,"blue-collar","single","secondary","no",799,"no","yes","cellular",6,-1,0,"unknown"
57,"management","married","tertiary","no",256,"no","no","cellular",2,91,1,"success"
36,"technician","married","tertiary","no",521,"no","no","cellular",3,-1,0,"unknown"
36,"services","married","unknown","no",618,"no","no","cellular",1,335,2,"success"
46,"self-employed","married","tertiary","no",2421,"no","no","cellular",1,100,4,"failure"
35,"management","divorced","tertiary","no",6997,"yes","no","cellular",1,-1,0,"unknown"
57,"unknown","married","unknown","no",19268,"no","no","unknown",1,-1,0,"unknown"
51,"management","married","tertiary","no",346,"no","no","cellular",1,92,5,"success"
50,"management","married","tertiary","no",3463,"no","yes","cellular",1,-1,0,"unknown"
37,"management","married","tertiary","no",1276,"no","no","cellular",1,94,2,"success"
34,"management","single","tertiary","no",-578,"yes","no","cellular",2,-1,0,"unknown"
40,"management","married","tertiary","no",0,"yes","no","cellular",2,-1,0,"unknown"
54,"self-employed","divorced","primary","no",351,"yes","no","unknown",2,-1,0,"unknown"
42,"management","married","tertiary","no",372,"yes","no","cellular",3,1,2,"success"
37,"blue-collar","single","secondary","no",133,"yes","no","cellular",2,-1,0,"unknown"
32,"management","single","tertiary","no",2551,"yes","no","cellular",3,-1,0,"unknown"
36,"technician","divorced","secondary","no",3158,"yes","no","cellular",2,-1,0,"unknown"
25,"student","married","tertiary","no",10,"yes","no","cellular",4,-1,0,"unknown"
66,"retired","divorced","unknown","no",53,"no","no","cellular",4,-1,0,"unknown"
40,"services","divorced","secondary","no",687,"yes","no","cellular",1,208,1,"success"
35,"technician","married","tertiary","no",7050,"no","no","cellular",3,182,4,"success"
33,"management","single","tertiary","no",935,"no","no","cellular",2,92,8,"success"
49,"management","married","tertiary","no",4751,"no","no","cellular",4,-1,0,"unknown"
37,"technician","single","secondary","no",980,"no","no","cellular",5,-1,0,"unknown"
24,"blue-collar","single","secondary","no",833,"yes","no","cellular",1,-1,0,"unknown"
67,"retired","married","primary","no",1430,"no","no","cellular",2,91,3,"failure"
32,"self-employed","single","tertiary","no",658,"yes","no","cellular",1,-1,0,"unknown"
55,"management","divorced","tertiary","no",9756,"yes","no","cellular",2,95,1,"other"
47,"admin.","married","secondary","no",368,"no","no","cellular",1,87,6,"success"
52,"management","single","tertiary","no",83,"no","no","cellular",6,-1,0,"unknown"
59,"services","single","secondary","no",739,"no","no","cellular",1,-1,0,"unknown"
36,"services","single","secondary","no",1227,"yes","yes","cellular",5,341,3,"failure"
32,"admin.","married","tertiary","no",284,"yes","no","cellular",3,-1,0,"unknown"
69,"retired","divorced","tertiary","no",247,"no","no","cellular",2,-1,0,"unknown"
54,"technician","married","tertiary","yes",337,"yes","no","unknown",2,-1,0,"unknown"
48,"management","divorced","tertiary","no",700,"yes","no","cellular",2,-1,0,"unknown"
53,"blue-collar","married","primary","no",1388,"no","no","cellular",4,-1,0,"unknown"
51,"management","married","tertiary","no",0,"yes","yes","cellular",1,84,1,"other"
33,"technician","married","secondary","no",-616,"yes","yes","unknown",1,-1,0,"unknown"
49,"entrepreneur","single","secondary","no",5802,"no","no","cellular",3,104,2,"success"
45,"blue-collar","married","primary","no",907,"no","no","cellular",8,-1,0,"unknown"
36,"technician","single","secondary","no",664,"no","no","cellular",3,-1,0,"unknown"
49,"self-employed","married","tertiary","no",599,"no","no","cellular",1,-1,0,"unknown"
40,"blue-collar","married","secondary","no",0,"yes","no","unknown",2,-1,0,"unknown"
34,"technician","single","tertiary","no",2047,"yes","no","cellular",5,-1,0,"unknown"
41,"self-employed","single","tertiary","no",0,"no","no","cellular",1,-1,0,"unknown"
44,"unemployed","married","tertiary","no",1151,"yes","no","unknown",2,-1,0,"unknown"
22,"student","single","secondary","no",2162,"no","no","telephone",1,-1,0,"unknown"
34,"admin.","single","secondary","no",601,"no","no","cellular",3,-1,0,"unknown"
24,"services","single","secondary","no",1299,"yes","yes","cellular",2,-1,0,"unknown"
31,"admin.","married","secondary","no",89,"no","no","unknown",3,-1,0,"unknown"
30,"entrepreneur","married","secondary","no",-346,"yes","yes","cellular",1,-1,0,"unknown"
45,"retired","single","secondary","yes",86,"no","no","cellular",5,-1,0,"unknown"
50,"services","married","secondary","no",901,"yes","no","unknown",6,-1,0,"unknown"
32,"management","single","tertiary","no",0,"no","no","cellular",2,-1,0,"unknown"
39,"management","single","tertiary","no",633,"no","no","cellular",2,133,3,"failure"
35,"entrepreneur","married","secondary","no",2971,"no","no","cellular",2,-1,0,"unknown"
28,"technician","single","tertiary","no",375,"yes","no","cellular",1,350,1,"other"
29,"management","single","tertiary","no",1218,"no","no","cellular",2,-1,0,"unknown"
35,"blue-collar","married","secondary","no",0,"yes","no","cellular",1,-1,0,"unknown"
32,"management","single","tertiary","no",0,"yes","no","cellular",2,-1,0,"unknown"
48,"management","divorced","tertiary","no",313,"no","no","cellular",1,-1,0,"unknown"
32,"housemaid","married","primary","no",-184,"yes","no","cellular",2,197,1,"failure"
33,"management","married","secondary","no",67,"yes","yes","unknown",4,-1,0,"unknown"
34,"management","single","tertiary","no",612,"no","no","cellular",1,-1,0,"unknown"
35,"entrepreneur","married","secondary","no",4872,"yes","no","cellular",3,-1,0,"unknown"
34,"technician","single","secondary","no",4943,"yes","yes","cellular",2,-1,0,"unknown"
34,"blue-collar","married","secondary","no",-257,"yes","no","cellular",1,368,4,"failure"
45,"blue-collar","married","secondary","no",105,"yes","yes","unknown",1,-1,0,"unknown"
52,"blue-collar","married","secondary","no",5275,"no","yes","cellular",3,-1,0,"unknown"
39,"management","single","tertiary","no",202,"yes","no","cellular",1,301,1,"other"
37,"management","married","tertiary","no",789,"yes","yes","cellular",1,190,2,"other"
30,"admin.","married","secondary","no",15,"yes","no","unknown",1,-1,0,"unknown"
30,"unemployed","single","tertiary","no",1159,"no","no","cellular",1,68,1,"success"
56,"services","married","secondary","no",0,"no","no","cellular",4,-1,0,"unknown"
33,"management","married","tertiary","no",22867,"yes","no","cellular",1,440,2,"failure"
28,"management","single","secondary","no",-513,"no","yes","cellular",8,-1,0,"unknown"
34,"admin.","divorced","secondary","no",140,"yes","no","cellular",2,365,1,"failure"
54,"housemaid","married","primary","no",3304,"no","yes","cellular",7,-1,0,"unknown"
41,"admin.","single","tertiary","no",982,"no","no","cellular",1,-1,0,"unknown"
32,"management","single","tertiary","no",1134,"no","no","cellular",4,-1,0,"unknown"
32,"management","married","tertiary","no",62,"yes","no","cellular",1,-1,0,"unknown"
28,"blue-collar","married","primary","no",674,"yes","no","telephone",4,-1,0,"unknown"
30,"unemployed","married","secondary","no",221,"no","no","cellular",4,-1,0,"unknown"
51,"blue-collar","married","primary","no",230,"yes","no","unknown",1,-1,0,"unknown"
59,"retired","single","secondary","yes",-341,"no","yes","cellular",3,-1,0,"unknown"
41,"technician","married","tertiary","no",13,"no","no","unknown",2,-1,0,"unknown"
31,"blue-collar","married","secondary","no",1329,"yes","yes","unknown",1,-1,0,"unknown"
51,"management","divorced","tertiary","no",119,"no","no","cellular",1,165,2,"failure"
49,"blue-collar","married","primary","no",23,"yes","no","unknown",1,-1,0,"unknown"
56,"blue-collar","married","secondary","no",1602,"yes","no","unknown",1,-1,0,"unknown"
56,"technician","divorced","secondary","no",1480,"yes","yes","cellular",1,-1,0,"unknown"
59,"admin.","married","secondary","no",92,"yes","no","cellular",2,350,1,"failure"
47,"housemaid","married","tertiary","no",2290,"no","no","cellular",1,-1,0,"unknown"
34,"technician","married","secondary","no",1026,"no","no","cellular",1,100,6,"failure"
32,"blue-collar","single","primary","no",1426,"yes","no","cellular",1,-1,0,"unknown"
38,"management","married","tertiary","no",5432,"yes","yes","cellular",1,149,2,"failure"
34,"management","single","tertiary","no",682,"no","no","cellular",3,-1,0,"unknown"
33,"management","married","tertiary","no",728,"yes","no","cellular",5,-1,0,"unknown"
36,"management","single","tertiary","no",243,"yes","no","cellular",2,360,3,"failure"
27,"technician","single","secondary","no",0,"no","no","cellular",1,-1,0,"unknown"
60,"retired","married","secondary","no",197,"no","no","cellular",1,-1,0,"unknown"
32,"services","single","secondary","no",1659,"yes","no","unknown",6,-1,0,"unknown"
39,"blue-collar","married","secondary","no",284,"yes","yes","cellular",2,318,6,"failure"
45,"technician","divorced","tertiary","no",206,"no","no","cellular",4,-1,0,"unknown"
34,"technician","divorced","secondary","no",-276,"yes","no","unknown",3,-1,0,"unknown"
42,"admin.","divorced","secondary","no",-249,"yes","no","cellular",3,-1,0,"unknown"
46,"management","married","secondary","no",0,"no","no","cellular",6,-1,0,"unknown"
31,"blue-collar","single","secondary","no",530,"no","yes","cellular",2,-1,0,"unknown"
44,"blue-collar","married","primary","no",2,"no","yes","telephone",2,-1,0,"unknown"
32,"technician","single","tertiary","no",514,"yes","yes","cellular",1,168,1,"failure"
59,"blue-collar","married","primary","no",6212,"yes","no","cellular",2,-1,0,"unknown"
40,"services","married","secondary","no",1305,"no","no","cellular",1,-1,0,"unknown"
49,"management","divorced","tertiary","no",-2049,"yes","no","unknown",3,-1,0,"unknown"
33,"technician","single","secondary","no",-479,"no","no","cellular",1,-1,0,"unknown"
32,"technician","married","primary","no",62,"yes","yes","unknown",1,-1,0,"unknown"
36,"technician","single","secondary","yes",0,"no","yes","cellular",14,-1,0,"unknown"
42,"admin.","married","secondary","no",-1386,"yes","yes","cellular",4,-1,0,"unknown"
42,"blue-collar","married","secondary","no",349,"yes","no","cellular",2,-1,0,"unknown"
50,"blue-collar","divorced","primary","no",15,"yes","no","cellular",2,350,7,"failure"
52,"housemaid","married","secondary","no",234,"no","no","cellular",1,-1,0,"unknown"
44,"blue-collar","married","secondary","no",701,"no","yes","unknown",2,-1,0,"unknown"
26,"services","married","secondary","no",54,"yes","no","unknown",1,-1,0,"unknown"
29,"technician","single","tertiary","no",910,"yes","no","cellular",1,-1,0,"unknown"
44,"services","married","secondary","no",850,"no","yes","cellular",5,-1,0,"unknown"
30,"admin.","single","secondary","no",186,"yes","no","cellular",1,-1,0,"unknown"
45,"blue-collar","married","secondary","no",2246,"yes","yes","cellular",2,99,2,"other"
34,"entrepreneur","divorced","tertiary","no",262,"no","no","cellular",1,-1,0,"unknown"
28,"admin.","married","tertiary","no",167,"yes","yes","cellular",2,-1,0,"unknown"
32,"blue-collar","married","primary","no",388,"yes","no","cellular",2,-1,0,"unknown"
46,"self-employed","married","secondary","no",567,"no","no","cellular",10,-1,0,"unknown"
55,"blue-collar","divorced","secondary","no",7378,"no","no","unknown",3,-1,0,"unknown"
35,"blue-collar","married","primary","no",-367,"yes","no","cellular",1,350,1,"failure"
60,"management","married","tertiary","no",553,"yes","no","cellular",1,210,3,"success"
38,"technician","married","secondary","no",565,"no","no","cellular",2,-1,0,"unknown"
38,"blue-collar","divorced","secondary","no",2998,"yes","no","unknown",1,-1,0,"unknown"
30,"technician","single","tertiary","no",106,"yes","no","cellular",3,-1,0,"unknown"
29,"admin.","single","secondary","no",-194,"yes","no","cellular",1,-1,0,"unknown"
32,"technician","married","tertiary","no",-1053,"yes","no","cellular",3,-1,0,"unknown"
53,"admin.","married","secondary","no",578,"no","no","cellular",2,-1,0,"unknown"
36,"housemaid","married","primary","no",4324,"yes","no","cellular",4,-1,0,"unknown"
40,"blue-collar","divorced","secondary","no",793,"yes","no","unknown",1,-1,0,"unknown"
58,"services","married","primary","no",943,"yes","no","unknown",3,-1,0,"unknown"
23,"student","single","unknown","no",565,"no","no","cellular",7,-1,0,"unknown"
56,"admin.","married","primary","no",0,"yes","no","cellular",2,227,4,"failure"
30,"entrepreneur","married","secondary","no",2551,"yes","no","unknown",2,-1,0,"unknown"
35,"blue-collar","married","secondary","no",154,"yes","no","unknown",4,-1,0,"unknown"
48,"management","married","primary","no",427,"no","no","cellular",1,-1,0,"unknown"
28,"student","single","tertiary","no",221,"yes","no","cellular",1,-1,0,"unknown"
34,"unemployed","married","secondary","no",438,"yes","yes","cellular",1,323,1,"failure"
43,"admin.","divorced","secondary","no",729,"yes","no","unknown",2,-1,0,"unknown"
37,"blue-collar","married","secondary","no",374,"yes","no","unknown",3,-1,0,"unknown"
49,"self-employed","single","tertiary","no",-341,"no","yes","cellular",2,-1,0,"unknown"
48,"management","married","tertiary","no",263,"yes","no","unknown",2,-1,0,"unknown"
23,"blue-collar","married","primary","no",-213,"no","no","unknown",2,-1,0,"unknown"
48,"management","married","primary","no",606,"no","no","cellular",6,-1,0,"unknown"
44,"housemaid","married","secondary","no",192,"no","no","unknown",2,-1,0,"unknown"
35,"services","married","tertiary","no",0,"yes","no","unknown",2,-1,0,"unknown"
43,"unemployed","married","secondary","no",553,"no","no","telephone",1,-1,0,"unknown"
36,"blue-collar","married","secondary","no",723,"yes","no","cellular",2,-1,0,"unknown"
37,"management","single","tertiary","no",2173,"no","no","cellular",3,114,1,"failure"
45,"technician","married","secondary","no",3492,"yes","yes","unknown",4,-1,0,"unknown"
41,"technician","married","secondary","no",978,"no","no","cellular",2,-1,0,"unknown"
24,"admin.","married","secondary","no",299,"yes","no","cellular",1,321,1,"failure"
39,"management","married","tertiary","no",45,"no","no","cellular",4,-1,0,"unknown"
34,"management","married","secondary","no",1007,"yes","no","cellular",2,-1,0,"unknown"
51,"blue-collar","married","primary","no",216,"yes","no","cellular",3,274,3,"failure"
33,"unemployed","single","tertiary","no",157,"yes","no","unknown",5,-1,0,"unknown"
53,"technician","married","secondary","no",100,"no","no","cellular",4,-1,0,"unknown"
35,"technician","married","secondary","no",294,"yes","no","cellular",6,98,5,"success"
54,"entrepreneur","married","tertiary","no",84,"no","no","cellular",2,-1,0,"unknown"
47,"technician","divorced","secondary","no",84,"no","no","cellular",2,-1,0,"unknown"
38,"blue-collar","married","secondary","no",602,"yes","no","unknown",12,-1,0,"unknown"
58,"services","married","secondary","no",-37,"no","yes","telephone",2,205,6,"failure"
59,"admin.","married","secondary","no",2145,"no","no","telephone",2,-1,0,"unknown"
38,"blue-collar","married","secondary","no",3598,"no","no","unknown",1,-1,0,"unknown"
45,"blue-collar","married","unknown","no",-320,"yes","no","unknown",3,-1,0,"unknown"
52,"self-employed","single","primary","no",217,"no","yes","cellular",6,-1,0,"unknown"
36,"technician","divorced","secondary","no",556,"yes","no","cellular",3,189,1,"failure"
34,"services","married","secondary","no",295,"yes","yes","cellular",1,-1,0,"unknown"
28,"blue-collar","single","secondary","no",1285,"no","no","telephone",2,2,17,"other"
44,"entrepreneur","married","tertiary","no",3463,"yes","yes","cellular",3,-1,0,"unknown"
45,"retired","divorced","secondary","no",1735,"no","yes","unknown",1,-1,0,"unknown"
34,"blue-collar","married","secondary","no",157,"yes","no","cellular",2,-1,0,"unknown"
44,"admin.","married","secondary","no",262,"yes","no","cellular",1,-1,0,"unknown"
31,"technician","divorced","secondary","no",268,"no","no","unknown",2,-1,0,"unknown"
35,"blue-collar","married","secondary","no",260,"yes","no","telephone",6,-1,0,"unknown"
31,"technician","married","secondary","no",2363,"yes","no","unknown",1,-1,0,"unknown"
53,"blue-collar","married","secondary","no",913,"yes","no","cellular",1,-1,0,"unknown"
39,"technician","married","tertiary","no",11766,"yes","no","cellular",4,102,5,"failure"
49,"technician","married","secondary","no",788,"no","no","unknown",7,-1,0,"unknown"
32,"management","single","tertiary","no",154,"no","yes","cellular",3,-1,0,"unknown"
32,"technician","single","tertiary","no",2481,"no","no","cellular",11,-1,0,"unknown"
57,"services","divorced","primary","no",1367,"no","no","unknown",3,-1,0,"unknown"
31,"admin.","married","secondary","no",3,"yes","no","cellular",12,-1,0,"unknown"
57,"services","divorced","secondary","no",-752,"yes","no","unknown",1,-1,0,"unknown"
40,"retired","married","tertiary","no",794,"no","no","unknown",1,-1,0,"unknown"
53,"management","married","tertiary","no",5261,"no","yes","cellular",3,-1,0,"unknown"
40,"housemaid","divorced","secondary","no",4328,"no","no","cellular",2,-1,0,"unknown"
44,"blue-collar","married","tertiary","no",1371,"no","no","cellular",3,363,4,"other"
32,"technician","married","secondary","no",11431,"no","no","cellular",5,-1,0,"unknown"
53,"technician","married","secondary","no",6,"yes","no","unknown",1,-1,0,"unknown"
36,"management","single","tertiary","no",219,"no","no","cellular",6,196,6,"failure"
30,"admin.","single","secondary","no",60,"no","no","cellular",2,-1,0,"unknown"
36,"technician","married","secondary","no",432,"yes","yes","unknown",1,-1,0,"unknown"
58,"self-employed","married","tertiary","no",1636,"no","no","cellular",1,-1,0,"unknown"
60,"self-employed","married","primary","no",46,"yes","no","unknown",4,-1,0,"unknown"
29,"housemaid","married","primary","no",417,"no","no","cellular",2,-1,0,"unknown"
28,"admin.","married","secondary","no",0,"yes","no","cellular",1,-1,0,"unknown"
23,"technician","single","secondary","no",598,"no","no","cellular",1,-1,0,"unknown"
59,"management","married","tertiary","no",2764,"no","no","cellular",1,56,3,"failure"
35,"admin.","married","tertiary","no",318,"yes","yes","cellular",1,-1,0,"unknown"
61,"retired","married","secondary","no",89,"no","no","cellular",1,181,2,"failure"
46,"entrepreneur","married","tertiary","no",-43,"no","no","unknown",8,-1,0,"unknown"
59,"unknown","married","unknown","no",2443,"no","no","unknown",8,-1,0,"unknown"
40,"management","married","tertiary","no",193,"no","no","cellular",6,-1,0,"unknown"
33,"technician","single","tertiary","no",179,"yes","no","cellular",2,181,4,"other"
36,"entrepreneur","single","tertiary","no",658,"yes","no","unknown",3,-1,0,"unknown"
40,"technician","single","secondary","no",153,"no","no","cellular",2,-1,0,"unknown"
28,"management","single","tertiary","no",466,"yes","no","cellular",2,-1,0,"unknown"
24,"technician","single","secondary","no",135,"yes","yes","cellular",1,-1,0,"unknown"
47,"blue-collar","married","secondary","no",125,"no","no","cellular",2,-1,0,"unknown"
43,"blue-collar","married","secondary","no",1324,"yes","no","telephone",5,-1,0,"unknown"
54,"technician","divorced","tertiary","no",2133,"no","no","cellular",1,-1,0,"unknown"
58,"housemaid","married","primary","no",1310,"yes","yes","cellular",2,-1,0,"unknown"
29,"blue-collar","married","secondary","no",162,"yes","no","cellular",3,-1,0,"unknown"
55,"retired","married","tertiary","no",357,"yes","no","cellular",1,-1,0,"unknown"
33,"management","married","tertiary","no",1808,"yes","no","unknown",4,-1,0,"unknown"
48,"blue-collar","married","primary","yes",-50,"yes","no","cellular",6,-1,0,"unknown"
54,"blue-collar","married","unknown","no",-361,"yes","no","unknown",1,-1,0,"unknown"
30,"management","single","tertiary","no",349,"no","no","cellular",3,-1,0,"unknown"
31,"technician","single","secondary","no",40,"no","no","cellular",2,-1,0,"unknown"
34,"admin.","married","secondary","no",1467,"yes","no","cellular",1,332,2,"failure"
35,"technician","married","tertiary","no",108,"yes","no","cellular",3,-1,0,"unknown"
30,"management","single","tertiary","no",2,"no","no","cellular",1,-1,0,"unknown"
59,"management","married","unknown","no",3428,"yes","yes","cellular",1,-1,0,"unknown"
36,"management","single","tertiary","no",1841,"yes","no","cellular",4,-1,0,"unknown"
29,"services","single","secondary","no",20,"yes","no","unknown",1,-1,0,"unknown"
52,"technician","married","secondary","no",930,"yes","no","unknown",16,-1,0,"unknown"
49,"blue-collar","married","primary","no",230,"no","yes","unknown",1,-1,0,"unknown"
58,"retired","married","secondary","no",-324,"yes","no","cellular",2,-1,0,"unknown"
62,"retired","married","secondary","no",3,"no","no","cellular",1,-1,0,"unknown"
80,"retired","married","primary","no",1861,"no","no","telephone",2,-1,0,"unknown"
32,"technician","single","secondary","no",5205,"no","no","cellular",1,-1,0,"unknown"
46,"management","married","secondary","no",5127,"no","no","cellular",1,-1,0,"unknown"
36,"blue-collar","married","secondary","no",928,"no","no","cellular",3,-1,0,"unknown"
35,"self-employed","single","tertiary","no",-30,"no","no","cellular",2,-1,0,"unknown"
35,"blue-collar","married","secondary","no",0,"yes","yes","cellular",1,-1,0,"unknown"
50,"entrepreneur","married","secondary","no",78,"no","no","telephone",1,-1,0,"unknown"
31,"technician","married","secondary","no",589,"yes","yes","unknown",1,-1,0,"unknown"
31,"blue-collar","married","secondary","no",1779,"yes","no","unknown",2,-1,0,"unknown"
56,"retired","married","tertiary","no",5769,"no","no","unknown",3,-1,0,"unknown"
43,"blue-collar","married","primary","no",0,"yes","no","unknown",1,-1,0,"unknown"
44,"management","divorced","tertiary","no",2422,"yes","no","cellular",2,269,2,"failure"
26,"technician","single","secondary","no",-211,"yes","no","unknown",3,-1,0,"unknown"
33,"admin.","married","secondary","no",1077,"yes","no","cellular",3,374,3,"other"
39,"technician","single","secondary","no",1685,"yes","no","cellular",1,368,1,"failure"
31,"services","single","secondary","no",-475,"yes","no","telephone",3,-1,0,"unknown"
33,"admin.","single","secondary","no",-15,"no","no","telephone",3,350,2,"failure"
41,"blue-collar","married","secondary","no",2413,"no","no","unknown",3,-1,0,"unknown"
38,"management","married","tertiary","no",0,"yes","no","unknown",2,-1,0,"unknown"
52,"management","married","secondary","no",173,"no","no","unknown",5,-1,0,"unknown"
44,"management","married","unknown","no",2982,"no","no","unknown",2,-1,0,"unknown"
32,"blue-collar","married","secondary","no",328,"yes","no","unknown",1,-1,0,"unknown"
37,"blue-collar","divorced","secondary","no",811,"yes","yes","cellular",3,-1,0,"unknown"
26,"blue-collar","single","secondary","no",972,"yes","no","unknown",10,-1,0,"unknown"
72,"retired","married","secondary","no",2850,"no","no","cellular",2,241,1,"success"
43,"unemployed","married","secondary","no",1943,"yes","no","cellular",2,-1,0,"unknown"
49,"blue-collar","married","primary","no",239,"no","no","cellular",3,-1,0,"unknown"
41,"management","married","secondary","no",3096,"yes","no","cellular",6,-1,0,"unknown"
30,"self-employed","single","tertiary","no",578,"yes","no","unknown",4,-1,0,"unknown"
27,"self-employed","married","secondary","yes",254,"yes","yes","cellular",1,188,1,"failure"
45,"management","divorced","secondary","no",51,"yes","no","cellular",8,-1,0,"unknown"
32,"management","married","tertiary","no",169,"no","yes","cellular",2,-1,0,"unknown"
35,"entrepreneur","single","tertiary","no",1800,"yes","no","unknown",1,-1,0,"unknown"
32,"services","single","secondary","no",182,"yes","no","cellular",1,-1,0,"unknown"
33,"services","single","secondary","no",100,"yes","no","cellular",8,297,7,"other"
33,"management","married","tertiary","no",62,"yes","no","cellular",1,264,1,"failure"
32,"technician","divorced","secondary","no",211,"yes","yes","unknown",4,-1,0,"unknown"
33,"management","single","tertiary","no",1909,"no","no","cellular",2,-1,0,"unknown"
34,"housemaid","married","primary","no",87,"yes","no","unknown",2,-1,0,"unknown"
33,"blue-collar","single","primary","no",777,"no","no","cellular",1,-1,0,"unknown"
29,"blue-collar","married","primary","no",79,"yes","no","unknown",2,-1,0,"unknown"
59,"housemaid","divorced","tertiary","no",0,"no","no","cellular",1,332,2,"other"
26,"services","single","secondary","no",-481,"yes","yes","cellular",5,-1,0,"unknown"
36,"services","single","secondary","no",528,"no","no","cellular",2,-1,0,"unknown"
43,"technician","single","secondary","no",34,"no","no","telephone",1,-1,0,"unknown"
43,"unknown","married","primary","no",2113,"no","no","cellular",2,-1,0,"unknown"
49,"management","married","tertiary","no",3842,"no","no","cellular",1,186,3,"failure"
52,"entrepreneur","married","primary","no",8298,"yes","yes","unknown",18,-1,0,"unknown"
51,"management","divorced","tertiary","no",93,"yes","yes","cellular",1,-1,0,"unknown"
34,"management","single","tertiary","no",-292,"yes","no","cellular",6,-1,0,"unknown"
46,"technician","married","tertiary","no",4176,"yes","no","unknown",6,-1,0,"unknown"
44,"management","married","tertiary","no",0,"yes","no","cellular",5,-1,0,"unknown"
34,"management","married","tertiary","no",297,"yes","no","cellular",4,-1,0,"unknown"
45,"self-employed","divorced","tertiary","yes",75,"yes","yes","cellular",1,-1,0,"unknown"
25,"student","single","secondary","no",293,"yes","no","telephone",2,-1,0,"unknown"
30,"management","married","tertiary","no",265,"yes","no","unknown",4,-1,0,"unknown"
36,"admin.","single","secondary","no",8785,"yes","no","cellular",2,-1,0,"unknown"
55,"services","single","secondary","no",1539,"no","no","unknown",2,-1,0,"unknown"
48,"management","married","tertiary","no",1167,"yes","yes","cellular",4,50,4,"other"
33,"self-employed","married","primary","no",1862,"yes","no","unknown",1,-1,0,"unknown"
38,"self-employed","married","tertiary","no",2084,"yes","no","cellular",2,330,2,"failure"
50,"blue-collar","married","tertiary","no",5423,"yes","no","cellular",3,-1,0,"unknown"
31,"management","married","tertiary","no",83,"no","no","cellular",1,-1,0,"unknown"
31,"blue-collar","divorced","secondary","no",-209,"yes","no","cellular",3,367,2,"failure"
37,"self-employed","married","primary","no",0,"no","no","unknown",4,-1,0,"unknown"
51,"technician","married","unknown","no",573,"yes","yes","unknown",1,-1,0,"unknown"
32,"admin.","married","secondary","no",56,"yes","no","cellular",1,258,1,"other"
56,"blue-collar","divorced","primary","no",8,"yes","no","unknown",2,-1,0,"unknown"
27,"self-employed","single","tertiary","no",147,"no","no","cellular",5,-1,0,"unknown"
37,"student","divorced","tertiary","no",0,"no","no","telephone",6,-1,0,"unknown"
25,"student","single","secondary","no",1139,"yes","no","unknown",3,-1,0,"unknown"
49,"technician","divorced","secondary","no",-236,"yes","no","unknown",2,-1,0,"unknown"
39,"technician","single","tertiary","no",861,"no","no","unknown",5,-1,0,"unknown"
53,"blue-collar","married","unknown","no",111,"no","no","unknown",3,-1,0,"unknown"
57,"services","married","secondary","no",84,"yes","no","unknown",1,-1,0,"unknown"
30,"management","married","tertiary","no",2994,"yes","no","cellular",1,137,1,"other"
31,"technician","single","secondary","no",2916,"no","no","cellular",2,-1,0,"unknown"
31,"technician","single","secondary","no",253,"no","no","cellular",1,-1,0,"unknown"
40,"admin.","divorced","secondary","no",220,"yes","no","cellular",2,-1,0,"unknown"
30,"unemployed","single","secondary","no",0,"yes","no","cellular",1,-1,0,"unknown"
87,"retired","married","secondary","no",433,"no","no","telephone",1,-1,0,"unknown"
32,"technician","single","tertiary","no",13711,"yes","no","cellular",1,175,3,"success"
48,"technician","married","secondary","no",1000,"no","no","cellular",2,-1,0,"unknown"
49,"blue-collar","married","primary","no",399,"no","no","cellular",1,-1,0,"unknown"
38,"technician","married","unknown","no",90,"yes","yes","unknown",2,-1,0,"unknown"
38,"admin.","married","secondary","no",46,"no","no","cellular",2,-1,0,"unknown"
41,"housemaid","married","primary","no",46,"no","no","cellular",1,-1,0,"unknown"
45,"blue-collar","married","primary","no",61,"no","no","cellular",1,-1,0,"unknown"
31,"technician","single","secondary","no",2088,"no","no","cellular",14,-1,0,"unknown"
44,"technician","single","secondary","no",29,"yes","no","unknown",1,-1,0,"unknown"
40,"services","single","secondary","no",65,"yes","no","cellular",3,-1,0,"unknown"
36,"services","married","secondary","no",3740,"yes","no","cellular",1,-1,0,"unknown"
55,"management","married","tertiary","no",23189,"yes","no","unknown",1,-1,0,"unknown"
35,"technician","single","secondary","no",183,"no","no","cellular",2,130,2,"failure"
27,"services","married","secondary","no",1303,"yes","yes","unknown",1,-1,0,"unknown"
39,"admin.","married","primary","no",444,"yes","no","cellular",2,-1,0,"unknown"
49,"management","married","tertiary","no",2139,"no","no","cellular",1,-1,0,"unknown"
65,"retired","married","secondary","no",23421,"no","no","cellular",1,-1,0,"unknown"
48,"blue-collar","married","secondary","no",7408,"no","yes","cellular",2,-1,0,"unknown"
28,"unemployed","married","secondary","no",-42,"yes","yes","cellular",4,-1,0,"unknown"
28,"management","single","tertiary","no",334,"yes","no","unknown",4,-1,0,"unknown"
40,"admin.","married","secondary","no",1060,"yes","no","cellular",3,-1,0,"unknown"
48,"management","married","primary","no",1513,"no","no","cellular",2,-1,0,"unknown"
27,"services","single","secondary","no",2457,"yes","no","unknown",4,-1,0,"unknown"
34,"technician","married","tertiary","no",2069,"no","no","cellular",2,-1,0,"unknown"
35,"management","single","tertiary","no",644,"yes","no","unknown",2,-1,0,"unknown"
59,"entrepreneur","married","tertiary","no",1728,"no","no","cellular",2,-1,0,"unknown"
39,"admin.","single","secondary","no",1078,"no","no","unknown",3,-1,0,"unknown"
28,"technician","single","secondary","no",100,"yes","no","cellular",5,-1,0,"unknown"
53,"housemaid","married","primary","yes",945,"no","no","cellular",2,-1,0,"unknown"
28,"blue-collar","single","secondary","no",3430,"yes","no","unknown",6,-1,0,"unknown"
36,"admin.","married","secondary","no",542,"yes","no","unknown",6,-1,0,"unknown"
24,"student","single","primary","no",0,"no","no","unknown",26,-1,0,"unknown"
77,"retired","married","primary","no",1385,"no","no","telephone",4,-1,0,"unknown"
47,"blue-collar","married","secondary","no",4709,"no","no","cellular",4,-1,0,"unknown"
41,"admin.","single","secondary","no",90,"yes","no","cellular",2,347,4,"failure"
60,"retired","married","tertiary","no",2196,"no","no","cellular",3,-1,0,"unknown"
34,"technician","married","secondary","no",883,"no","no","telephone",2,173,3,"failure"
49,"services","married","secondary","no",66,"yes","yes","cellular",4,-1,0,"unknown"
37,"admin.","single","secondary","no",796,"yes","no","telephone",3,-1,0,"unknown"
37,"admin.","married","tertiary","no",2741,"no","no","unknown",4,-1,0,"unknown"
70,"retired","divorced","primary","no",383,"no","no","cellular",2,-1,0,"unknown"
35,"management","married","tertiary","no",244,"yes","no","cellular",1,-1,0,"unknown"
26,"technician","single","secondary","yes",-454,"no","yes","cellular",2,-1,0,"unknown"
35,"management","married","tertiary","no",365,"no","no","cellular",2,-1,0,"unknown"
34,"blue-collar","married","secondary","no",199,"yes","no","unknown",3,-1,0,"unknown"
29,"management","married","tertiary","no",7832,"yes","no","unknown",2,-1,0,"unknown"
29,"blue-collar","married","secondary","no",-312,"yes","yes","cellular",2,-1,0,"unknown"
51,"management","single","tertiary","no",4305,"yes","no","cellular",1,-1,0,"unknown"
34,"services","married","secondary","no",1637,"yes","no","cellular",4,-1,0,"unknown"
44,"blue-collar","single","primary","no",10984,"no","no","unknown",18,-1,0,"unknown"
34,"management","married","tertiary","no",0,"no","no","cellular",2,-1,0,"unknown"
40,"blue-collar","married","secondary","no",280,"yes","no","cellular",2,340,3,"failure"
35,"blue-collar","married","secondary","no",-461,"no","no","unknown",1,-1,0,"unknown"
30,"blue-collar","married","secondary","no",-529,"yes","no","cellular",4,-1,0,"unknown"
32,"blue-collar","single","secondary","no",413,"yes","no","cellular",1,-1,0,"unknown"
44,"technician","single","secondary","no",285,"yes","no","cellular",3,-1,0,"unknown"
47,"technician","married","secondary","no",19,"yes","no","unknown",2,-1,0,"unknown"
47,"unemployed","married","primary","no",2946,"no","no","unknown",1,-1,0,"unknown"
52,"admin.","married","primary","no",204,"no","no","cellular",2,-1,0,"unknown"
42,"services","divorced","secondary","no",444,"no","no","cellular",1,-1,0,"unknown"
44,"blue-collar","single","primary","no",287,"no","no","cellular",1,-1,0,"unknown"
31,"blue-collar","married","secondary","no",1131,"yes","yes","cellular",1,148,6,"failure"
52,"self-employed","married","secondary","no",-488,"yes","no","unknown",1,-1,0,"unknown"
32,"management","married","tertiary","no",282,"no","no","cellular",2,-1,0,"unknown"
54,"admin.","married","tertiary","no",19,"no","no","cellular",2,-1,0,"unknown"
38,"management","single","tertiary","no",690,"yes","no","unknown",1,-1,0,"unknown"
33,"admin.","married","tertiary","no",99,"yes","yes","cellular",2,-1,0,"unknown"
36,"technician","single","secondary","no",1044,"yes","no","cellular",19,-1,0,"unknown"
36,"unemployed","divorced","secondary","no",8267,"no","no","unknown",2,-1,0,"unknown"
37,"services","married","secondary","no",1498,"yes","no","cellular",1,-1,0,"unknown"
44,"technician","divorced","tertiary","no",9192,"yes","no","unknown",3,-1,0,"unknown"
32,"management","married","tertiary","no",663,"no","yes","cellular",3,-1,0,"unknown"
30,"technician","divorced","secondary","no",3100,"yes","no","cellular",1,183,4,"failure"
56,"management","divorced","tertiary","no",722,"no","no","cellular",3,94,2,"failure"
27,"technician","single","secondary","no",1842,"yes","yes","cellular",2,300,1,"failure"
58,"technician","married","secondary","no",116,"no","no","unknown",3,-1,0,"unknown"
37,"admin.","married","secondary","no",0,"yes","no","cellular",1,-1,0,"unknown"
33,"student","single","unknown","no",5969,"no","no","cellular",1,83,7,"failure"
41,"technician","married","secondary","no",1043,"yes","yes","unknown",1,-1,0,"unknown"
59,"blue-collar","married","secondary","no",0,"yes","no","unknown",4,-1,0,"unknown"
39,"admin.","divorced","secondary","no",160,"yes","no","cellular",1,-1,0,"unknown"
38,"entrepreneur","married","tertiary","no",4,"yes","no","cellular",1,-1,0,"unknown"
41,"blue-collar","married","secondary","no",2157,"yes","no","unknown",2,-1,0,"unknown"
39,"technician","married","secondary","no",3494,"yes","no","cellular",1,92,4,"failure"
45,"admin.","single","secondary","no",341,"yes","yes","cellular",2,-1,0,"unknown"
29,"services","married","secondary","no",57,"yes","no","telephone",9,-1,0,"unknown"
45,"services","married","secondary","no",27,"yes","yes","cellular",2,-1,0,"unknown"
60,"blue-collar","divorced","primary","no",92,"yes","no","unknown",3,-1,0,"unknown"
39,"entrepreneur","married","tertiary","yes",1,"yes","yes","unknown",1,-1,0,"unknown"
36,"housemaid","divorced","tertiary","no",7296,"yes","no","cellular",6,-1,0,"unknown"
24,"admin.","married","secondary","no",541,"yes","no","unknown",4,-1,0,"unknown"
36,"management","married","tertiary","no",1257,"no","no","cellular",9,101,1,"other"
72,"retired","married","primary","no",0,"no","no","cellular",2,-1,0,"unknown"
29,"management","married","tertiary","yes",53,"yes","no","cellular",17,-1,0,"unknown"
42,"services","married","secondary","no",737,"yes","no","unknown",2,-1,0,"unknown"
44,"services","married","secondary","no",808,"yes","no","unknown",2,-1,0,"unknown"
47,"housemaid","married","secondary","yes",-1531,"yes","no","cellular",8,-1,0,"unknown"
58,"retired","married","tertiary","no",4048,"no","yes","cellular",5,-1,0,"unknown"
39,"blue-collar","divorced","primary","no",3,"no","yes","unknown",1,-1,0,"unknown"
54,"blue-collar","married","primary","no",950,"yes","no","unknown",2,-1,0,"unknown"
48,"technician","divorced","tertiary","no",113,"no","yes","cellular",1,-1,0,"unknown"
27,"services","single","secondary","no",-151,"no","no","cellular",2,-1,0,"unknown"
36,"services","divorced","secondary","no",223,"yes","yes","cellular",1,-1,0,"unknown"
30,"technician","married","secondary","no",207,"yes","no","unknown",2,-1,0,"unknown"
47,"unemployed","married","secondary","yes",0,"no","no","cellular",2,-1,0,"unknown"
43,"admin.","married","secondary","no",0,"no","no","unknown",12,-1,0,"unknown"
31,"technician","single","secondary","no",1170,"yes","no","unknown",2,-1,0,"unknown"
29,"entrepreneur","single","tertiary","no",219,"yes","no","cellular",2,356,1,"failure"
29,"technician","single","secondary","no",309,"yes","no","unknown",1,-1,0,"unknown"
53,"technician","married","secondary","no",8417,"yes","no","unknown",1,-1,0,"unknown"
56,"services","divorced","secondary","no",72,"yes","yes","cellular",1,357,4,"failure"
28,"management","single","tertiary","no",9710,"no","no","cellular",2,-1,0,"unknown"
44,"technician","married","tertiary","no",717,"no","no","cellular",2,-1,0,"unknown"
32,"blue-collar","single","secondary","no",5252,"yes","no","unknown",2,-1,0,"unknown"
52,"retired","married","primary","no",6,"no","no","cellular",2,-1,0,"unknown"
33,"technician","divorced","secondary","no",370,"yes","no","cellular",4,-1,0,"unknown"
39,"blue-collar","married","primary","no",-119,"no","no","unknown",6,-1,0,"unknown"
31,"services","married","secondary","no",414,"yes","no","unknown",1,-1,0,"unknown"
57,"admin.","divorced","secondary","no",3100,"no","yes","cellular",2,-1,0,"unknown"
33,"admin.","married","secondary","no",0,"no","yes","cellular",5,-1,0,"unknown"
60,"blue-collar","married","primary","no",29184,"no","no","telephone",2,-1,0,"unknown"
35,"technician","married","tertiary","no",6,"yes","no","cellular",1,-1,0,"unknown"
36,"blue-collar","married","secondary","no",153,"yes","no","cellular",1,171,2,"failure"
44,"blue-collar","married","secondary","no",3060,"yes","no","cellular",1,189,2,"failure"
47,"technician","divorced","secondary","no",2836,"no","yes","cellular",2,-1,0,"unknown"
43,"services","married","secondary","no",2478,"yes","no","cellular",1,230,1,"failure"
55,"management","divorced","tertiary","no",668,"no","no","cellular",6,-1,0,"unknown"
30,"blue-collar","married","primary","no",35,"yes","no","cellular",2,-1,0,"unknown"
25,"services","single","secondary","no",628,"no","no","cellular",1,-1,0,"unknown"
48,"housemaid","single","secondary","no",71,"no","no","cellular",3,-1,0,"unknown"
42,"blue-collar","married","secondary","no",429,"yes","no","cellular",1,370,1,"failure"
46,"blue-collar","divorced","primary","no",916,"yes","no","cellular",2,-1,0,"unknown"
46,"admin.","married","secondary","no",0,"yes","yes","cellular",2,259,2,"failure"
32,"blue-collar","single","secondary","no",-84,"yes","no","cellular",1,-1,0,"unknown"
35,"management","married","secondary","no",533,"no","no","cellular",12,-1,0,"unknown"
36,"self-employed","married","tertiary","no",4515,"yes","no","unknown",2,-1,0,"unknown"
45,"self-employed","married","tertiary","no",-497,"yes","yes","cellular",1,176,1,"failure"
59,"retired","divorced","secondary","no",914,"no","no","cellular",1,-1,0,"unknown"
55,"blue-collar","divorced","primary","no",410,"no","yes","cellular",2,-1,0,"unknown"
53,"unknown","married","unknown","no",0,"no","no","cellular",5,-1,0,"unknown"
46,"management","single","secondary","no",244,"yes","no","unknown",1,-1,0,"unknown"
33,"blue-collar","single","primary","no",447,"yes","no","unknown",2,-1,0,"unknown"
30,"self-employed","single","secondary","no",1031,"no","no","unknown",1,-1,0,"unknown"
51,"management","married","tertiary","no",1394,"yes","no","cellular",1,-1,0,"unknown"
27,"technician","single","secondary","no",16,"no","no","unknown",1,-1,0,"unknown"
32,"management","married","tertiary","no",62,"yes","no","telephone",1,-1,0,"unknown"
34,"admin.","married","secondary","no",61,"no","yes","unknown",1,-1,0,"unknown"
33,"technician","married","secondary","no",390,"no","no","cellular",2,-1,0,"unknown"
29,"blue-collar","single","tertiary","no",98,"no","no","cellular",2,-1,0,"unknown"
41,"services","divorced","secondary","no",727,"yes","no","cellular",1,-1,0,"unknown"
35,"blue-collar","married","primary","yes",-1489,"yes","yes","unknown",1,-1,0,"unknown"
27,"blue-collar","single","primary","no",431,"yes","no","unknown",2,-1,0,"unknown"
31,"admin.","single","secondary","no",396,"yes","no","unknown",1,-1,0,"unknown"
56,"management","married","tertiary","no",412,"no","no","telephone",6,-1,0,"unknown"
39,"self-employed","divorced","secondary","no",0,"yes","no","unknown",2,-1,0,"unknown"
38,"technician","married","tertiary","no",940,"no","no","cellular",7,-1,0,"unknown"
32,"admin.","married","tertiary","no",390,"yes","yes","cellular",1,243,1,"other"
35,"management","married","tertiary","no",867,"yes","no","cellular",2,171,3,"success"
29,"technician","divorced","secondary","no",328,"yes","yes","cellular",1,-1,0,"unknown"
39,"self-employed","single","tertiary","no",2298,"yes","yes","cellular",2,319,18,"other"
31,"blue-collar","married","secondary","no",64,"yes","no","cellular",3,-1,0,"unknown"
30,"blue-collar","single","secondary","no",132,"yes","no","unknown",1,-1,0,"unknown"
43,"admin.","married","secondary","no",315,"no","no","cellular",2,-1,0,"unknown"
32,"technician","single","tertiary","no",390,"yes","no","unknown",1,-1,0,"unknown"
36,"admin.","divorced","tertiary","no",125,"yes","no","unknown",1,-1,0,"unknown"
39,"management","married","primary","no",1873,"no","no","unknown",2,-1,0,"unknown"
56,"management","divorced","tertiary","no",442,"no","no","unknown",3,-1,0,"unknown"
40,"technician","married","secondary","no",990,"yes","no","cellular",3,-1,0,"unknown"
37,"management","single","tertiary","no",340,"no","no","cellular",4,-1,0,"unknown"
46,"technician","married","secondary","no",863,"yes","no","cellular",3,-1,0,"unknown"
32,"entrepreneur","married","secondary","no",1996,"yes","no","cellular",1,-1,0,"unknown"
36,"housemaid","single","tertiary","no",561,"no","no","unknown",2,-1,0,"unknown"
39,"blue-collar","single","secondary","no",1170,"no","no","unknown",1,-1,0,"unknown"
35,"technician","married","tertiary","no",944,"no","no","cellular",2,-1,0,"unknown"
45,"management","divorced","tertiary","no",6200,"no","no","cellular",2,-1,0,"unknown"
56,"services","divorced","secondary","no",191,"no","no","cellular",3,-1,0,"unknown"
34,"management","divorced","tertiary","no",500,"yes","no","unknown",1,-1,0,"unknown"
32,"admin.","married","secondary","no",1661,"yes","no","cellular",1,209,2,"failure"
32,"admin.","divorced","secondary","no",-273,"yes","no","cellular",1,-1,0,"unknown"
25,"management","single","tertiary","no",490,"no","no","cellular",1,-1,0,"unknown"
43,"self-employed","married","secondary","no",918,"yes","no","unknown",1,-1,0,"unknown"
44,"blue-collar","single","primary","no",0,"yes","no","cellular",1,-1,0,"unknown"
34,"blue-collar","married","primary","no",3986,"yes","no","cellular",2,-1,0,"unknown"
49,"technician","divorced","secondary","no",342,"no","yes","cellular",3,-1,0,"unknown"
26,"technician","single","secondary","no",430,"no","no","cellular",2,-1,0,"unknown"
29,"management","single","tertiary","no",0,"yes","no","cellular",1,351,1,"failure"
36,"blue-collar","married","secondary","no",-206,"yes","no","unknown",2,-1,0,"unknown"
33,"services","married","secondary","no",881,"yes","no","unknown",5,-1,0,"unknown"
55,"blue-collar","married","primary","no",781,"yes","no","cellular",3,270,2,"failure"
29,"blue-collar","married","primary","no",258,"yes","no","unknown",1,-1,0,"unknown"
49,"management","married","unknown","no",0,"no","no","cellular",2,-1,0,"unknown"
33,"technician","married","tertiary","no",16992,"yes","no","unknown",1,-1,0,"unknown"
33,"management","married","tertiary","no",644,"no","no","cellular",2,-1,0,"unknown"
45,"services","married","primary","no",2406,"yes","yes","cellular",2,-1,0,"unknown"
42,"entrepreneur","married","secondary","no",324,"yes","no","cellular",3,-1,0,"unknown"
37,"blue-collar","married","secondary","no",168,"yes","no","cellular",2,-1,0,"unknown"
50,"self-employed","married","primary","no",0,"no","no","cellular",4,-1,0,"unknown"
47,"blue-collar","married","secondary","no",668,"yes","no","cellular",6,354,2,"success"
43,"management","divorced","tertiary","no",3578,"no","no","cellular",2,-1,0,"unknown"
26,"admin.","married","secondary","no",5231,"no","yes","cellular",2,-1,0,"unknown"
34,"admin.","married","secondary","no",3185,"yes","no","unknown",1,-1,0,"unknown"
61,"retired","married","unknown","no",-492,"no","yes","unknown",1,-1,0,"unknown"
42,"services","single","unknown","no",410,"no","no","cellular",2,-1,0,"unknown"
33,"management","married","tertiary","no",296,"no","no","cellular",2,-1,0,"unknown"
43,"admin.","single","secondary","no",386,"no","no","cellular",1,92,4,"success"
60,"retired","married","primary","no",600,"no","no","cellular",6,-1,0,"unknown"
24,"student","single","secondary","no",423,"yes","no","unknown",3,-1,0,"unknown"
36,"admin.","married","secondary","no",0,"yes","yes","cellular",1,-1,0,"unknown"
29,"technician","married","tertiary","no",1489,"yes","no","unknown",1,-1,0,"unknown"
34,"blue-collar","married","secondary","no",1257,"yes","no","unknown",7,-1,0,"unknown"
33,"management","single","tertiary","no",321,"no","no","cellular",2,-1,0,"unknown"
28,"services","single","secondary","no",168,"yes","no","cellular",1,-1,0,"unknown"
39,"services","married","secondary","no",207,"no","no","unknown",2,-1,0,"unknown"
46,"admin.","single","unknown","no",306,"yes","no","cellular",5,-1,0,"unknown"
55,"management","single","tertiary","no",1498,"no","no","cellular",5,-1,0,"unknown"
29,"services","single","secondary","no",695,"no","no","unknown",1,-1,0,"unknown"
53,"blue-collar","married","secondary","no",0,"yes","no","cellular",2,-1,0,"unknown"
51,"blue-collar","married","secondary","no",700,"no","no","cellular",4,-1,0,"unknown"
31,"technician","married","tertiary","no",11,"no","no","cellular",2,-1,0,"unknown"
30,"technician","married","secondary","no",450,"no","yes","cellular",4,-1,0,"unknown"
43,"services","divorced","unknown","no",2363,"yes","no","cellular",1,-1,0,"unknown"
50,"entrepreneur","married","secondary","no",854,"no","no","cellular",1,-1,0,"unknown"
33,"technician","single","secondary","no",930,"yes","no","cellular",5,359,1,"failure"
35,"admin.","married","secondary","no",725,"yes","no","cellular",7,133,1,"failure"
42,"blue-collar","married","primary","no",-97,"yes","no","cellular",4,271,5,"failure"
30,"technician","single","tertiary","no",0,"no","no","cellular",2,-1,0,"unknown"
31,"services","married","unknown","no",-82,"yes","no","cellular",31,-1,0,"unknown"
34,"admin.","single","tertiary","no",64,"yes","no","cellular",2,-1,0,"unknown"
47,"blue-collar","married","primary","no",4040,"no","no","cellular",5,-1,0,"unknown"
46,"blue-collar","married","secondary","no",2603,"yes","yes","cellular",3,277,2,"failure"
36,"blue-collar","divorced","secondary","no",719,"yes","no","unknown",1,-1,0,"unknown"
33,"blue-collar","married","secondary","no",1402,"no","no","cellular",5,-1,0,"unknown"
53,"admin.","divorced","secondary","no",223,"yes","yes","cellular",1,-1,0,"unknown"
28,"blue-collar","married","secondary","no",4287,"no","no","cellular",1,-1,0,"unknown"
56,"housemaid","married","primary","no",445,"no","no","cellular",6,-1,0,"unknown"
44,"services","married","secondary","no",3536,"no","no","cellular",6,-1,0,"unknown"
37,"blue-collar","married","secondary","no",-4,"yes","yes","unknown",1,-1,0,"unknown"
29,"management","single","tertiary","no",502,"no","no","cellular",2,199,3,"other"
35,"admin.","single","tertiary","no",777,"no","yes","cellular",1,-1,0,"unknown"
52,"blue-collar","married","primary","no",4660,"no","no","cellular",3,-1,0,"unknown"
71,"retired","married","secondary","no",2064,"no","no","cellular",2,92,3,"failure"
35,"technician","married","tertiary","no",4,"yes","no","cellular",1,-1,0,"unknown"
46,"services","married","secondary","no",-522,"yes","no","cellular",2,-1,0,"unknown"
60,"housemaid","divorced","primary","no",1412,"no","no","cellular",4,-1,0,"unknown"
29,"blue-collar","single","secondary","no",202,"no","no","cellular",2,-1,0,"unknown"
58,"retired","married","secondary","no",13,"no","no","cellular",4,-1,0,"unknown"
29,"services","married","secondary","no",30,"yes","no","cellular",3,-1,0,"unknown"
57,"admin.","married","primary","no",1694,"yes","no","telephone",1,-1,0,"unknown"
41,"blue-collar","married","secondary","no",167,"no","no","unknown",1,-1,0,"unknown"
56,"technician","married","tertiary","no",1062,"no","no","unknown",2,-1,0,"unknown"
26,"technician","single","tertiary","no",4130,"no","no","cellular",2,-1,0,"unknown"
53,"blue-collar","married","secondary","no",4380,"no","no","telephone",7,-1,0,"unknown"
41,"services","married","secondary","no",2085,"yes","no","unknown",4,-1,0,"unknown"
30,"management","married","tertiary","no",1384,"yes","no","telephone",2,-1,0,"unknown"
31,"management","single","tertiary","no",18,"no","no","cellular",2,-1,0,"unknown"
23,"blue-collar","single","secondary","no",537,"yes","no","cellular",1,353,2,"other"
37,"self-employed","married","secondary","no",487,"no","yes","cellular",15,-1,0,"unknown"
27,"admin.","single","tertiary","no",73,"no","no","cellular",1,-1,0,"unknown"
44,"technician","divorced","secondary","no",314,"yes","no","unknown",1,651,1,"success"
33,"admin.","married","secondary","no",177,"yes","no","cellular",1,-1,0,"unknown"
32,"admin.","single","secondary","no",184,"yes","no","unknown",4,-1,0,"unknown"
70,"retired","married","secondary","no",2064,"no","no","cellular",1,-1,0,"unknown"
59,"retired","married","primary","no",5521,"yes","yes","unknown",1,-1,0,"unknown"
32,"management","single","tertiary","no",1966,"no","no","cellular",3,-1,0,"unknown"
38,"admin.","divorced","secondary","no",407,"yes","yes","cellular",1,-1,0,"unknown"
42,"blue-collar","married","primary","no",0,"yes","yes","cellular",2,-1,0,"unknown"
43,"technician","single","tertiary","no",1017,"yes","no","unknown",2,-1,0,"unknown"
56,"blue-collar","married","primary","no",2442,"no","yes","cellular",7,-1,0,"unknown"
41,"entrepreneur","married","secondary","no",353,"no","no","cellular",2,-1,0,"unknown"
26,"student","single","tertiary","no",13107,"yes","no","cellular",2,-1,0,"unknown"
56,"admin.","divorced","primary","no",0,"no","yes","cellular",1,-1,0,"unknown"
31,"management","single","tertiary","no",307,"no","no","cellular",2,-1,0,"unknown"
35,"technician","married","tertiary","no",22,"no","no","cellular",1,-1,0,"unknown"
33,"management","divorced","tertiary","yes",280,"no","yes","cellular",1,-1,0,"unknown"
38,"entrepreneur","married","secondary","no",61,"yes","yes","unknown",5,-1,0,"unknown"
25,"admin.","single","secondary","no",184,"no","yes","telephone",7,-1,0,"unknown"
34,"management","married","tertiary","no",580,"yes","no","cellular",1,-1,0,"unknown"
36,"technician","married","secondary","no",3579,"no","no","cellular",2,-1,0,"unknown"
39,"blue-collar","married","secondary","no",854,"yes","yes","cellular",1,-1,0,"unknown"
45,"management","divorced","tertiary","no",6269,"yes","no","cellular",2,-1,0,"unknown"
39,"management","married","tertiary","no",1241,"yes","no","cellular",2,-1,0,"unknown"
40,"technician","married","secondary","no",0,"yes","yes","cellular",2,172,1,"failure"
30,"management","single","secondary","no",-383,"yes","no","cellular",1,-1,0,"unknown"
38,"blue-collar","married","secondary","no",292,"yes","yes","unknown",2,-1,0,"unknown"
31,"blue-collar","divorced","secondary","no",1125,"no","yes","unknown",1,-1,0,"unknown"
58,"management","divorced","tertiary","no",577,"no","no","unknown",3,-1,0,"unknown"
59,"management","married","tertiary","no",287,"yes","no","cellular",2,242,8,"failure"
36,"blue-collar","married","secondary","no",6699,"yes","no","cellular",3,-1,0,"unknown"
39,"blue-collar","divorced","secondary","no",36,"yes","no","unknown",2,-1,0,"unknown"
29,"management","married","tertiary","no",0,"yes","no","telephone",2,-1,0,"unknown"
33,"management","single","tertiary","no",275,"no","no","cellular",1,-1,0,"unknown"
30,"blue-collar","single","secondary","no",906,"yes","yes","unknown",7,-1,0,"unknown"
45,"services","single","secondary","no",482,"yes","yes","unknown",2,-1,0,"unknown"
48,"technician","married","secondary","no",197,"no","yes","cellular",2,222,3,"other"
55,"entrepreneur","divorced","primary","no",29,"no","no","unknown",1,-1,0,"unknown"
33,"technician","single","tertiary","no",34,"no","no","cellular",30,-1,0,"unknown"
30,"blue-collar","single","secondary","no",1165,"yes","no","cellular",2,-1,0,"unknown"
32,"technician","single","secondary","no",930,"yes","no","unknown",1,-1,0,"unknown"
55,"technician","married","secondary","no",0,"no","no","cellular",2,-1,0,"unknown"
35,"management","married","tertiary","yes",-10,"yes","no","cellular",2,364,1,"other"
28,"technician","single","secondary","no",250,"no","yes","cellular",1,-1,0,"unknown"
48,"services","married","secondary","no",1355,"no","no","cellular",7,-1,0,"unknown"
53,"management","married","tertiary","no",20772,"no","no","cellular",1,-1,0,"unknown"
48,"admin.","married","secondary","no",2235,"yes","yes","unknown",2,-1,0,"unknown"
55,"unemployed","married","primary","no",8585,"no","no","telephone",2,-1,0,"unknown"
43,"technician","married","secondary","no",0,"no","no","cellular",3,-1,0,"unknown"
46,"housemaid","married","primary","no",312,"yes","yes","cellular",7,-1,0,"unknown"
50,"services","married","secondary","no",77,"no","no","cellular",2,-1,0,"unknown"
38,"blue-collar","married","secondary","no",530,"yes","no","cellular",3,-1,0,"unknown"
26,"admin.","married","secondary","no",714,"yes","no","unknown",1,-1,0,"unknown"
49,"technician","divorced","secondary","no",5,"no","no","cellular",2,-1,0,"unknown"
38,"unemployed","divorced","secondary","no",189,"yes","yes","cellular",2,-1,0,"unknown"
40,"management","married","tertiary","no",917,"yes","no","unknown",1,-1,0,"unknown"
